Item	Descrição (Item)	Grupo de itens
10.14.0001	PUXADOR REDONDO 1/2 160MM	PUXADORES
10.14.0002	PUXADOR REDONDO 1/2 256MM	PUXADORES
10.14.0003	PUXADOR REDONDO 1/2 352MM	PUXADORES
10.14.0004	PUXADOR REDONDO 3/8 160MM	PUXADORES
10.14.0005	PUXADOR REDONDO 3/8 256MM	PUXADORES
10.14.0006	PUXADOR REDONDO 3/8 352MM	PUXADORES
10.14.0007	PUXADOR QUADRADO 3/8 160MM	PUXADORES
10.14.0008	PUXADOR QUADRADO 3/8 256MM	PUXADORES
10.14.0009	PUXADOR QUADRADO 3/8 352MM	PUXADORES
10.14.0010	PUXADOR ONDA 160MM ESCOVADO	PUXADORES
10.14.0011	PUXADOR ONDA ESCOVADO 288MM	PUXADORES
10.14.0012	PUXADOR ACUTO ESCOVADO 160MM	PUXADORES
10.14.0013	PUXADOR ACUTO ESCOVADO 224MM	PUXADORES
10.14.0016	PUXADOR 114 PV111 128MM	PUXADORES
10.14.0017	PUXADOR 114 PV111 160MM	PUXADORES
10.14.0018	PUXADOR STRASS 2606 224MM	PUXADORES
10.14.0019	PUXADOR STRASS 2607 384MM	PUXADORES
10.14.0020	PUXADOR STRASS PONTO 2601	PUXADORES
10.14.0021	PUXADOR TRAMADO 1508 256MM	PUXADORES
10.14.0022	PUXADOR FLUO CROMADO 160MM	PUXADORES
10.14.0023	PUXADOR SINGOLO BRANCO 224MM	PUXADORES
10.14.0024	PUXADOR SINGOLO BRANCO 448MM	PUXADORES
10.14.0025	PUXADOR FLUO CROMADO 32MM	PUXADORES
10.14.0032	PUXADOR PIATTO CROMADO 256MM	PUXADORES
10.14.0033	PUXADOR PIATTO CROMADO 160MM	PUXADORES
10.14.0034	PUXADOR PIATTO CROMADO 36MM	PUXADORES
10.14.0035	PUXADOR TERMINI TITANIUM 480MM	PUXADORES
10.14.0036	PUXADOR TERMINI TITANIUM 256MM	PUXADORES
10.14.0037	PUXADOR TERMINI TITANIUM 192MM	PUXADORES
10.14.0038	PUXADOR KUB CROMADO 64MM	PUXADORES
10.14.0039	PUXADOR KUB CROMADO 32MM	PUXADORES
10.14.0040	PUXADOR FORSETI COBRE 256MM	PUXADORES
10.14.0041	PUXADORFORSETI COBRE 160MM	PUXADORES
10.14.0042	PUXADOR NUVOLA ZIANI 160MM	PUXADORES
10.14.0045	PUXADOR H1600 ACO ESCOVADO	PUXADORES
10.14.0046	PUXADOR H1600 LATAO POLIDO	PUXADORES
10.14.0047	PUXADOR H1600 ROSE	PUXADORES
10.14.0048	PUXADOR H1314 CROMADO OURO ROSA	PUXADORES
10.14.0049	PUXADOR H1314 CROMADO TITANIO	PUXADORES
10.14.0050	PUXADOR H1029 CROMADO	PUXADORES
10.14.0051	PUXADOR H1029 PRETO FOSCO	PUXADORES
10.14.0052	PUXADOR H1029 ROSE	PUXADORES
10.14.0053	PUXADOR H1029 OURO GOLD	PUXADORES
10.14.0054	PUXADOR H1047 CROMADO	PUXADORES
10.14.0055	PUXADOR H1047 PRETO FOSCO	PUXADORES
10.14.0056	PUXADOR H1047 ROSE	PUXADORES
10.14.0057	PUXADOR H1047 OURO GOLD	PUXADORES
10.14.0058	PUXADOR H3145 192MM CROMADO	PUXADORES
10.14.0059	PUXADOR H3145 192MM PRETO FOSCO	PUXADORES
10.14.0060	PUXADOR H3145 192MM ROSE	PUXADORES
10.14.0061	PUXADOR H3145 192MM OURO GOLD	PUXADORES
10.14.0062	PUXADOR H3145 288MM CROMADO	PUXADORES
10.14.0063	PUXADOR H3145 288MM PRETO FOSCO	PUXADORES
10.14.0064	PUXADOR H3145 288MM ROSE	PUXADORES
10.14.0065	PUXADOR H3145 288MM OURO GOLD	PUXADORES
10.14.0066	PUXADOR H3201 256MM CROMADO COM STRASS	PUXADORES
10.14.0067	PUXADOR H3201 480MM CROMADO COM STRASS	PUXADORES
10.14.0068	PUXADOR H1181 32MM PRETO STRASS	PUXADORES
10.14.0069	PUXADOR H1181 32MM BRANCO STRASS	PUXADORES
10.14.0070	PUXADOR H1181 256MM PRETO STRASS	PUXADORES
10.14.0071	PUXADOR H1181 256MM BRANCO STRASS	PUXADORES
10.14.0072	PUXADOR H1181 384MM PRETO STRASS	PUXADORES
10.14.0073	PUXADOR H1181 384MM BRANCO STRASS	PUXADORES
10.14.0074	PUXADOR H4021 192MM ANONIZADO - ACO ESCOVADO	PUXADORES
10.14.0075	PUXADOR H4021 256MM ANONIZADO - ACO ESCOVADO	PUXADORES
10.14.0076	PUXADOR GRENADE COBRE VELHO 1764 PONTO	PUXADORES
10.14.0077	PUXADOR GRENADE COBRE VELHO 1767 128MM	PUXADORES
10.14.0086	PUXADOR ALLEN GRANADO 224MM PRETO	PUXADORES
10.14.0087	PUXADOR ALLEN GRANADO 160MM BRANCO	PUXADORES
10.14.0088	PUXADOR ALLEN GRANADO 224MM CROMO DIAMOND	PUXADORES
10.14.0089	PUXADOR ALLEN GRANADO 160MM NIQUEL VELHO	PUXADORES
10.14.0090	PUXADOR ALLEN GRANADO 160MM NIQUEL ESC C/ VERNIZ	PUXADORES
10.14.0091	PUXADOR ALLEN GRANADO 160MM VECCHIO METALLO	PUXADORES
10.14.0092	PUXADOR ALLEN GRANADO 160MM VECCHIO COBRE	PUXADORES
10.14.0093	PUXADOR ALLEN GRANADO 160MM GOLD	PUXADORES
10.14.0094	PUXADOR ALLEN GRANADO 160MM DOURADO	PUXADORES
10.14.0095	PUXADOR ALLEN GRANADO 160MM GOLD ESCOVADO	PUXADORES
10.14.0096	PUXADOR ALLEN GRANADO 160MM RED GOLD	PUXADORES
10.14.0097	PUXADOR ALLEN GRANADO 160MM RED GOLD ESCOVADO	PUXADORES
10.14.0098	PUXADOR ALLEN GRANADO 160MM ROSE	PUXADORES
10.14.0099	PUXADOR ALLEN GRANADO 160MM ROSE ESCOVADO	PUXADORES
10.14.0100	PUXADOR ALLEN GRANADO 224MM CROMO/CROMO	PUXADORES
10.14.0101	PUXADOR ALLEN GRANADO 224MM CROMO ESCOVADO	PUXADORES
10.14.0102	PUXADOR ALLEN GRANADO 160MM PRETO	PUXADORES
10.14.0103	PUXADOR ALLEN GRANADO 224MM BRANCO	PUXADORES
10.14.0104	PUXADOR ALLEN GRANADO 160MM CROMO DIAMOND	PUXADORES
10.14.0105	PUXADOR ALLEN GRANADO 224MM NIQUEL VELHO	PUXADORES
10.14.0106	PUXADOR ALLEN GRANADO 224MM NIQUEL ESC C/ VERNIZ	PUXADORES
10.14.0107	PUXADOR ALLEN GRANADO 224MM VECCHIO METALLO	PUXADORES
10.14.0108	PUXADOR ALLEN GRANADO 224MM VECCHIO COBRE	PUXADORES
10.14.0109	PUXADOR ALLEN GRANADO 224MM DOURADO	PUXADORES
10.14.0110	PUXADOR ALLEN GRANADO 352MM GOLD	PUXADORES
10.14.0111	PUXADOR ALLEN GRANADO 224MM GOLD ESCOVADO	PUXADORES
10.14.0112	PUXADOR ALLEN GRANADO 224MM RED GOLD	PUXADORES
10.14.0113	PUXADOR ALLEN GRANADO 224MM RED GOLD ESCOVADO	PUXADORES
10.14.0114	PUXADOR ALLEN GRANADO 224MM ROSE	PUXADORES
10.14.0115	PUXADOR ALLEN GRANADO 224MM ROSE ESCOVADO	PUXADORES
10.14.0116	PUXADOR ALLEN GRANADO 352MM CROMO/CROMO	PUXADORES
10.14.0117	PUXADOR ALLEN GRANADO 352MM CROMO ESCOVADO	PUXADORES
10.14.0118	PUXADOR ALLEN GRANADO 352MM PRETO	PUXADORES
10.14.0119	PUXADOR ALLEN GRANADO 352MM BRANCO	PUXADORES
10.14.0120	PUXADOR ALLEN GRANADO 352MM CROMO DIAMOND	PUXADORES
10.14.0121	PUXADOR ALLEN GRANADO 352MM NIQUEL VELHO	PUXADORES
10.14.0122	PUXADOR ALLEN GRANADO 352MM NIQUEL ESC C/ VERNIZ	PUXADORES
10.14.0123	PUXADOR ALLEN GRANADO 352MM VECCHIO METALLO	PUXADORES
10.14.0124	PUXADOR ALLEN GRANADO 352MM VECCHIO COBRE	PUXADORES
10.14.0125	PUXADOR ALLEN GRANADO 352MM DOURADO	PUXADORES
10.14.0126	PUXADOR ALLEN GRANADO 224MM GOLD	PUXADORES
10.14.0127	PUXADOR ALLEN GRANADO 352MM GOLD ESCOVADO	PUXADORES
10.14.0128	PUXADOR ALLEN GRANADO 352MM RED GOLD	PUXADORES
10.14.0129	PUXADOR ALLEN GRANADO 352MM RED GOLD ESCOVADO	PUXADORES
10.14.0130	PUXADOR ALLEN GRANADO 352MM ROSE	PUXADORES
10.14.0131	PUXADOR ALLEN GRANADO 352MM ROSE ESCOVADO	PUXADORES
10.14.0132	PUXADOR ALLEN GRANADO 448MM CROMO/CROMO	PUXADORES
10.14.0133	PUXADOR ALLEN GRANADO 448MM CROMO ESCOVADO	PUXADORES
10.14.0134	PUXADOR ALLEN GRANADO 448MM PRETO	PUXADORES
10.14.0135	PUXADOR ALLEN GRANADO 448MM BRANCO	PUXADORES
10.14.0136	PUXADOR ALLEN GRANADO 448MM CROMO DIAMOND	PUXADORES
10.14.0137	PUXADOR ALLEN GRANADO 448MM NIQUEL VELHO	PUXADORES
10.14.0138	PUXADOR ALLEN GRANADO 448MM NIQUEL ESC C/ VERNIZ	PUXADORES
10.14.0139	PUXADOR ALLEN GRANADO 448MM VECCHIO METALLO	PUXADORES
10.14.0140	PUXADOR ALLEN GRANADO 448MM VECCHIO COBRE	PUXADORES
10.14.0141	PUXADOR ALLEN GRANADO 448MM DOURADO	PUXADORES
10.14.0142	PUXADOR ALLEN GRANADO 448MM GOLD	PUXADORES
10.14.0143	PUXADOR ALLEN GRANADO 448MM GOLD ESCOVADO	PUXADORES
10.14.0144	PUXADOR ALLEN GRANADO 448MM RED GOLD	PUXADORES
10.14.0145	PUXADOR ALLEN GRANADO 448MM RED GOLD ESCOVADO	PUXADORES
10.14.0146	PUXADOR ALLEN GRANADO 448MM ROSE	PUXADORES
10.14.0147	PUXADOR ALLEN GRANADO 448MM ROSE ESCOVADO	PUXADORES
10.14.0148	PUXADOR ALLEN GRANADO 544MM CROMO/CROMO	PUXADORES
10.14.0149	PUXADOR ALLEN GRANADO 544MM CROMO ESCOVADO	PUXADORES
10.14.0150	PUXADOR ALLEN GRANADO 544MM PRETO	PUXADORES
10.14.0151	PUXADOR ALLEN GRANADO 544MM BRANCO	PUXADORES
10.14.0152	PUXADOR ALLEN GRANADO 544MM CROMO DIAMOND	PUXADORES
10.14.0153	PUXADOR ALLEN GRANADO 544MM NIQUEL VELHO	PUXADORES
10.14.0154	PUXADOR ALLEN GRANADO 544MM NIQUEL ESC C/ VERNIZ	PUXADORES
10.14.0155	PUXADOR ALLEN GRANADO 544MM VECCHIO METALLO	PUXADORES
10.14.0156	PUXADOR ALLEN GRANADO 544MM VECCHIO COBRE	PUXADORES
10.14.0157	PUXADOR ALLEN GRANADO 544MM DOURADO	PUXADORES
10.14.0158	PUXADOR ALLEN GRANADO 544MM GOLD	PUXADORES
10.14.0159	PUXADOR ALLEN GRANADO 544MM GOLD ESCOVADO	PUXADORES
10.14.0160	PUXADOR ALLEN GRANADO 544MM RED GOLD	PUXADORES
10.14.0161	PUXADOR ALLEN GRANADO 544MM RED GOLD ESCOVADO	PUXADORES
10.14.0162	PUXADOR ALLEN GRANADO 544MM ROSE	PUXADORES
10.14.0163	PUXADOR ALLEN GRANADO 544MM ROSE ESCOVADO	PUXADORES
10.14.0164	PUXADOR ALLEN GRANADO 800MM CROMO/CROMO	PUXADORES
10.14.0165	PUXADOR ALLEN GRANADO 800MM CROMO ESCOVADO	PUXADORES
10.14.0166	PUXADOR ALLEN GRANADO 800MM PRETO	PUXADORES
10.14.0167	PUXADOR ALLEN GRANADO 800MM BRANCO	PUXADORES
10.14.0168	PUXADOR ALLEN GRANADO 800MM CROMO DIAMOND	PUXADORES
10.14.0169	PUXADOR ALLEN GRANADO 800MM NIQUEL VELHO	PUXADORES
10.14.0170	PUXADOR ALLEN GRANADO 800MM NIQUEL ESC C/ VERNIZ	PUXADORES
10.14.0171	PUXADOR ALLEN GRANADO 800MM VECCHIO METALLO	PUXADORES
10.14.0172	PUXADOR ALLEN GRANADO 800MM VECCHIO COBRE	PUXADORES
10.14.0173	PUXADOR ALLEN GRANADO 800MM DOURADO	PUXADORES
10.14.0174	PUXADOR ALLEN GRANADO 800MM GOLD	PUXADORES
10.14.0175	PUXADOR ALLEN GRANADO 800MM GOLD ESCOVADO	PUXADORES
10.14.0176	PUXADOR ALLEN GRANADO 800MM RED GOLD	PUXADORES
10.14.0177	PUXADOR ALLEN GRANADO 800MM RED GOLD ESCOVADO	PUXADORES
10.14.0178	PUXADOR ALLEN GRANADO 800MM ROSE	PUXADORES
10.14.0179	PUXADOR ALLEN GRANADO 800MM ROSE ESCOVADO	PUXADORES
10.14.0180	PUXADOR ALLEN LISO 160MM CROMO DIAMOND	PUXADORES
10.14.0181	PUXADOR ALLEN LISO 160MM CROMO ESCOVADO	PUXADORES
10.14.0182	PUXADOR ALLEN LISO 160MM NIQUEL VELHO	PUXADORES
10.14.0183	PUXADOR ALLEN LISO 160MM NIQUEL ESC C/ VERNIZ	PUXADORES
10.14.0184	PUXADOR ALLEN LISO 160MM VECCHIO METALLO	PUXADORES
10.14.0185	PUXADOR ALLEN LISO 160MM VECCHIO COBRE	PUXADORES
10.14.0186	PUXADOR ALLEN LISO 160MM DOURADO	PUXADORES
10.14.0187	PUXADOR ALLEN LISO 160MM ALUM CROMO/CROMO	PUXADORES
10.14.0188	PUXADOR ALLEN LISO 160MM ALUM FOSCO	PUXADORES
10.14.0189	PUXADOR ALLEN LISO 160MM ALUM PRETO	PUXADORES
10.14.0190	PUXADOR ALLEN LISO 160MM PINT TITANIO	PUXADORES
10.14.0191	PUXADOR ALLEN LISO 160MM GOLD	PUXADORES
10.14.0192	PUXADOR ALLEN LISO 160MM GOLD ESCOVADO	PUXADORES
10.14.0193	PUXADOR ALLEN LISO 160MM RED GOLD	PUXADORES
10.14.0194	PUXADOR ALLEN LISO 160MM RED GOLD ESCOVADO	PUXADORES
10.14.0195	PUXADOR ALLEN LISO 160MM ROSE	PUXADORES
10.14.0196	PUXADOR ALLEN LISO 160MM ROSE ESCOVADO	PUXADORES
10.14.0197	PUXADOR ALLEN LISO 224MM CROMO DIAMOND	PUXADORES
10.14.0198	PUXADOR ALLEN LISO 224MM CROMO ESCOVADO	PUXADORES
10.14.0199	PUXADOR ALLEN LISO 224MM NIQUEL VELHO	PUXADORES
10.14.0200	PUXADOR ALLEN LISO 224MM NIQUEL ESC C/ VERNIZ	PUXADORES
10.14.0201	PUXADOR ALLEN LISO 224MM VECCHIO METALLO	PUXADORES
10.14.0202	PUXADOR ALLEN LISO 224MM VECCHIO COBRE	PUXADORES
10.14.0203	PUXADOR ALLEN LISO 224MM DOURADO	PUXADORES
10.14.0204	PUXADOR ALLEN LISO 224MM ALUM CROMO/CROMO	PUXADORES
10.14.0205	PUXADOR ALLEN LISO 224MM ALUM FOSCO	PUXADORES
10.14.0206	PUXADOR ALLEN LISO 224MM ALUM PRETO	PUXADORES
10.14.0207	PUXADOR ALLEN LISO 224MM PINT TITANIO	PUXADORES
10.14.0208	PUXADOR ALLEN LISO 224MM PINT BRANCA	PUXADORES
10.14.0210	PUXADOR ALLEN LISO 224MM GOLD	PUXADORES
10.14.0211	PUXADOR ALLEN LISO 224MM GOLD ESCOVADO	PUXADORES
10.14.0212	PUXADOR ALLEN LISO 224MM RED GOLD	PUXADORES
10.14.0213	PUXADOR ALLEN LISO 224MM RED GOLD ESCOVADO	PUXADORES
10.14.0214	PUXADOR ALLEN LISO 224MM ROSE	PUXADORES
10.14.0215	PUXADOR ALLEN LISO 224MM ROSE ESCOVADO	PUXADORES
10.14.0216	PUXADOR ALLEN LISO 352MM CROMO DIAMOND	PUXADORES
10.14.0217	PUXADOR ALLEN LISO 352MM CROMO ESCOVADO	PUXADORES
10.14.0218	PUXADOR ALLEN LISO 352MM NIQUEL VELHO	PUXADORES
10.14.0219	PUXADOR ALLEN LISO 352MM NIQUEL ESC C/ VERNIZ	PUXADORES
10.14.0220	PUXADOR ALLEN LISO 352MM VECCHIO METALLO	PUXADORES
10.14.0221	PUXADOR ALLEN LISO 352MM VECCHIO COBRE	PUXADORES
10.14.0222	PUXADOR ALLEN LISO 352MM DOURADO	PUXADORES
10.14.0223	PUXADOR ALLEN LISO 352MM ALUM CROMO/CROMO	PUXADORES
10.14.0224	PUXADOR ALLEN LISO 352MM ALUM FOSCO	PUXADORES
10.14.0225	PUXADOR ALLEN LISO 352MM ALUM PRETO	PUXADORES
10.14.0226	PUXADOR ALLEN LISO 352MM PINT TITANIO	PUXADORES
10.14.0227	PUXADOR ALLEN LISO 352MM PINT BRANCA	PUXADORES
10.14.0228	PUXADOR ALLEN LISO 352MM GOLD	PUXADORES
10.14.0229	PUXADOR ALLEN LISO 352MM GOLD ESCOVADO	PUXADORES
10.14.0230	PUXADOR ALLEN LISO 352MM RED GOLD	PUXADORES
10.14.0231	PUXADOR ALLEN LISO 352MM RED GOLD ESCOVADO	PUXADORES
10.14.0232	PUXADOR ALLEN LISO 352MM ROSE	PUXADORES
10.14.0233	PUXADOR ALLEN LISO 352MM ROSE ESCOVADO	PUXADORES
10.14.0234	PUXADOR ALLEN LISO 448MM CROMO DIAMOND	PUXADORES
10.14.0235	PUXADOR ALLEN LISO 448MM CROMO ESCOVADO	PUXADORES
10.14.0236	PUXADOR ALLEN LISO 448MM NIQUEL VELHO	PUXADORES
10.14.0237	PUXADOR ALLEN LISO 448MM NIQUEL ESC C/ VERNIZ	PUXADORES
10.14.0238	PUXADOR ALLEN LISO 448MM VECCHIO METALLO	PUXADORES
10.14.0239	PUXADOR ALLEN LISO 448MM VECCHIO COBRE	PUXADORES
10.14.0240	PUXADOR ALLEN LISO 448MM DOURADO	PUXADORES
10.14.0241	PUXADOR ALLEN LISO 448MM ALUM CROMO/CROMO	PUXADORES
10.14.0242	PUXADOR ALLEN LISO 448MM ALUM FOSCO	PUXADORES
10.14.0243	PUXADOR ALLEN LISO 448MM ALUM PRETO	PUXADORES
10.14.0244	PUXADOR ALLEN LISO 448MM PINT TITANIO	PUXADORES
10.14.0245	PUXADOR ALLEN LISO 448MM PINT BRANCA	PUXADORES
10.14.0246	PUXADOR ALLEN LISO 448MM GOLD	PUXADORES
10.14.0247	PUXADOR ALLEN LISO 448MM GOLD ESCOVADO	PUXADORES
10.14.0248	PUXADOR ALLEN LISO 448MM RED GOLD	PUXADORES
10.14.0249	PUXADOR ALLEN LISO 448MM RED GOLD ESCOVADO	PUXADORES
10.14.0250	PUXADOR ALLEN LISO 448MM ROSE	PUXADORES
10.14.0251	PUXADOR ALLEN LISO 448MM ROSE ESCOVADO	PUXADORES
10.14.0252	PUXADOR ALLEN LISO 544MM CROMO DIAMOND	PUXADORES
10.14.0253	PUXADOR ALLEN LISO 544MM CROMO ESCOVADO	PUXADORES
10.14.0254	PUXADOR ALLEN LISO 544MM NIQUEL VELHO	PUXADORES
10.14.0255	PUXADOR ALLEN LISO 544MM NIQUEL ESC C/ VERNIZ	PUXADORES
10.14.0256	PUXADOR ALLEN LISO 544MM VECCHIO METALLO	PUXADORES
10.14.0257	PUXADOR ALLEN LISO 544MM VECCHIO COBRE	PUXADORES
10.14.0258	PUXADOR ALLEN LISO 544MM DOURADO	PUXADORES
10.14.0259	PUXADOR ALLEN LISO 544MM ALUM CROMO/CROMO	PUXADORES
10.14.0260	PUXADOR ALLEN LISO 544MM ALUM FOSCO	PUXADORES
10.14.0261	PUXADOR ALLEN LISO 544MM ALUM PRETO	PUXADORES
10.14.0262	PUXADOR ALLEN LISO 544MM PINT TITANIO	PUXADORES
10.14.0263	PUXADOR ALLEN LISO 544MM PINT BRANCA	PUXADORES
10.14.0264	PUXADOR ALLEN LISO 544MM GOLD	PUXADORES
10.14.0265	PUXADOR ALLEN LISO 544MM GOLD ESCOVADO	PUXADORES
10.14.0266	PUXADOR ALLEN LISO 544MM RED GOLD	PUXADORES
10.14.0267	PUXADOR ALLEN LISO 544MM RED GOLD ESCOVADO	PUXADORES
10.14.0268	PUXADOR ALLEN LISO 544MM ROSE	PUXADORES
10.14.0269	PUXADOR ALLEN LISO 544MM ROSE ESCOVADO	PUXADORES
10.14.0270	PUXADOR ALLEN LISO 800MM CROMO DIAMOND	PUXADORES
10.14.0271	PUXADOR ALLEN LISO 800MM CROMO ESCOVADO	PUXADORES
10.14.0272	PUXADOR ALLEN LISO 800MM NIQUEL VELHO	PUXADORES
10.14.0273	PUXADOR ALLEN LISO 800MM NIQUEL ESC C/ VERNIZ	PUXADORES
10.14.0274	PUXADOR ALLEN LISO 800MM VECCHIO METALLO	PUXADORES
10.14.0275	PUXADOR ALLEN LISO 800MM VECCHIO COBRE	PUXADORES
10.14.0276	PUXADOR ALLEN LISO 800MM VECCHIO DOURADO	PUXADORES
10.14.0277	PUXADOR ALLEN LISO 800MM ALUM CROMO/CROMO	PUXADORES
10.14.0278	PUXADOR ALLEN LISO 800MM ALUM FOSCO	PUXADORES
10.14.0279	PUXADOR ALLEN LISO 800MM ALUM PRETO	PUXADORES
10.14.0280	PUXADOR ALLEN LISO 800MM PINT TITANIO	PUXADORES
10.14.0281	PUXADOR ALLEN LISO 800MM PINT BRANCA	PUXADORES
10.14.0282	PUXADOR ALLEN LISO 800MM GOLD	PUXADORES
10.14.0283	PUXADOR ALLEN LISO 800MM GOLD ESCOVADO	PUXADORES
10.14.0284	PUXADOR ALLEN LISO 800MM RED GOLD	PUXADORES
10.14.0285	PUXADOR ALLEN LISO 800MM RED GOLD ESCOVADO	PUXADORES
10.14.0286	PUXADOR ALLEN LISO 800MM ROSE	PUXADORES
10.14.0287	PUXADOR ALLEN LISO 800MM ROSE ESCOVADO	PUXADORES
10.14.0288	PUXADOR ANTIQUE 11MM CROMO	PUXADORES
10.14.0289	PUXADOR ANTIQUE 11MM ESCOVADO	PUXADORES
10.14.0290	PUXADOR ANTIQUE 11MM PRETO	PUXADORES
10.14.0291	PUXADOR ANTIQUE 11MM BRANCO	PUXADORES
10.14.0292	PUXADOR ANTIQUE 11MM TITANIUM	PUXADORES
10.14.0293	PUXADOR ANTIQUE 11MM GRAFITTO	PUXADORES
10.14.0294	PUXADOR ANTIQUE 11MM NIQUEL VELHO	PUXADORES
10.14.0295	PUXADOR ANTIQUE 11MM NIQUEL ESCOVADO C/ VERNIZ	PUXADORES
10.14.0296	PUXADOR ANTIQUE 11MM VECCHIO COBRE	PUXADORES
10.14.0297	PUXADOR ANTIQUE 11MM VECCHIO METALLO	PUXADORES
10.14.0298	PUXADOR ANTIQUE 11MM DOURADO	PUXADORES
10.14.0299	PUXADOR ANTIQUE 11MM GOLD	PUXADORES
10.14.0300	PUXADOR ANTIQUE 11MM GOLD ESCOVADO	PUXADORES
10.14.0301	PUXADOR ANTIQUE 11MM RED GOLD	PUXADORES
10.14.0302	PUXADOR ANTIQUE 11MM RED GOLD ESCOVADO	PUXADORES
10.14.0303	PUXADOR ANTIQUE 11MM ROSE	PUXADORES
10.14.0304	PUXADOR ANTIQUE 11MM ROSE ESCOVADO	PUXADORES
10.14.0305	PUXADOR BALI GRANADO 16MM CROMO	PUXADORES
10.14.0306	PUXADOR BALI GRANADO 16MM PRETO	PUXADORES
10.14.0307	PUXADOR BALI GRANADO 16MM BRANCO	PUXADORES
10.14.0308	PUXADOR BALI GRANADO 16MM BRONZE	PUXADORES
10.14.0309	PUXADOR BALI GRANADO 16MM VECCHIO METALLO	PUXADORES
10.14.0310	PUXADOR BALI GRANADO 16MM VECCHIO COBRE	PUXADORES
10.14.0311	PUXADOR BALI GRANADO 16MM NIQUEL VELHO	PUXADORES
10.14.0312	PUXADOR BALI GRANADO 16MM NIQUEL ESCOVADO	PUXADORES
10.14.0313	PUXADOR BALI GRANADO 16MM TITANIUM	PUXADORES
10.14.0314	PUXADOR BALI GRANADO 16MM DOURADO	PUXADORES
10.14.0315	PUXADOR BALI GRANADO 16MM GOLD	PUXADORES
10.14.0316	PUXADOR BALI GRANADO 16MM GOLD ESCOVADO	PUXADORES
10.14.0317	PUXADOR BALI GRANADO 16MM RED GOLD	PUXADORES
10.14.0318	PUXADOR BALI GRANADO 16MM RED GOLD ESCOVADO	PUXADORES
10.14.0319	PUXADOR BALI GRANADO 16MM ROSE	PUXADORES
10.14.0320	PUXADOR BALI GRANADO 16MM ROSE ESCOVADO	PUXADORES
10.14.0321	PUXADOR BALI GRANADO SKULL 16MM CROMO	PUXADORES
10.14.0322	PUXADOR BALI GRANADO SKULL 16MM CROMO ESCOVADO	PUXADORES
10.14.0323	PUXADOR BALI GRANADO SKULL 16MM DOURADO	PUXADORES
10.14.0324	PUXADOR BALI GRANADO SKULL 16MM PRETO	PUXADORES
10.14.0325	PUXADOR BALI GRANADO SKULL 16MM BRANCO	PUXADORES
10.14.0326	PUXADOR BALI GRANADO SKULL 16MM TITANIUM	PUXADORES
10.14.0327	PUXADOR BALI GRANADO SKULL 16MM VECCHIO METALLO	PUXADORES
10.14.0328	PUXADOR BALI GRANADO SKULL 16MM VECCHIO COBRE	PUXADORES
10.14.0329	PUXADOR BALI GRANADO SKULL 16MM NIQUEL VELHO	PUXADORES
10.14.0330	PUXADOR BALI GRANADO SKULL 16MM GOLD	PUXADORES
10.14.0331	PUXADOR BALI GRANADO SKULL 16MM GOLD ESCOVADO	PUXADORES
10.14.0332	PUXADOR BALI GRANADO SKULL 16MM RED GOLD	PUXADORES
10.14.0333	PUXADOR BALI GRANADO SKULL 16MM RED GOLD ESCOVADO	PUXADORES
10.14.0334	PUXADOR BALI GRANADO SKULL 16MM ROSE	PUXADORES
10.14.0335	PUXADOR BALI GRANADO SKULL 16MM ROSE ESCOVADO	PUXADORES
10.14.0336	PUXADOR BEETLE C/ BASE GRANADO CROMO	PUXADORES
10.14.0337	PUXADOR BEETLE C/ BASE GRANADO ESCOVADO	PUXADORES
10.14.0338	PUXADOR BEETLE C/ BASE GRANADO PRETO	PUXADORES
10.14.0339	PUXADOR BEETLE C/ BASE GRANADO BRANCO	PUXADORES
10.14.0340	PUXADOR BEETLE C/ BASE GRANADO GRAFITTO	PUXADORES
10.14.0341	PUXADOR BEETLE C/ BASE GRANADO TITANIUM	PUXADORES
10.14.0342	PUXADOR BEETLE C/ BASE GRANADO NIQUEL VELHO	PUXADORES
10.14.0343	PUXADOR BEETLE C/ BASE GRANADO VECCHIO COBRE	PUXADORES
10.14.0344	PUXADOR BEETLE C/ BASE GRANADO VECCHIO METALLO	PUXADORES
10.14.0345	PUXADOR BEETLE C/ BASE GRANADO NIQUEL ESCOVADO C/ VERNIZ	PUXADORES
10.14.0346	PUXADOR BEETLE C/ BASE GRANADO DOURADO	PUXADORES
10.14.0347	PUXADOR BEETLE C/ BASE GRANADO GOLD	PUXADORES
10.14.0348	PUXADOR BEETLE C/ BASE GRANADO GOLD ESCOVADO	PUXADORES
10.14.0349	PUXADOR BEETLE C/ BASE GRANADO RED GOLD	PUXADORES
10.14.0350	PUXADOR BEETLE C/ BASE GRANADO RED GOLD ESCOVADO	PUXADORES
10.14.0351	PUXADOR BEETLE C/ BASE GRANADO ROSE	PUXADORES
10.14.0352	PUXADOR BEETLE C/ BASE GRANADO ROSE ESCOVADO	PUXADORES
10.14.0353	PUXADOR CITZEN P CROMO	PUXADORES
10.14.0354	PUXADOR CITZEN P CROMO ESCOVADO	PUXADORES
10.14.0355	PUXADOR CITZEN P PRETO	PUXADORES
10.14.0356	PUXADOR CITZEN P BRANCO	PUXADORES
10.14.0357	PUXADOR CITZEN P BRONZE	PUXADORES
10.14.0358	PUXADOR CITZEN P FOSCO	PUXADORES
10.14.0359	PUXADOR CITZEN P VECCHIO COBRE	PUXADORES
10.14.0360	PUXADOR CITZEN P NIQUEL VECCHIO	PUXADORES
10.14.0361	PUXADOR CITZEN P NIQUEL ESCOVADO	PUXADORES
10.14.0362	PUXADOR CITZEN P DOURADO	PUXADORES
10.14.0363	PUXADOR CITZEN P GOLD	PUXADORES
10.14.0364	PUXADOR CITZEN P GOLD ESCOVADO	PUXADORES
10.14.0365	PUXADOR CITZEN P RED GOLD	PUXADORES
10.14.0366	PUXADOR CITZEN P RED GOLD ESCOVADO	PUXADORES
10.14.0367	PUXADOR CITZEN P ROSE	PUXADORES
10.14.0368	PUXADOR CITZEN P ROSE ESCOVADO	PUXADORES
10.14.0369	PUXADOR CITZEN G CROMO	PUXADORES
10.14.0370	PUXADOR CITZEN G CROMO ESCOVADO	PUXADORES
10.14.0371	PUXADOR CITZEN G PRETO	PUXADORES
10.14.0372	PUXADOR CITZEN G BRANCO	PUXADORES
10.14.0373	PUXADOR CITZEN G BRONZE	PUXADORES
10.14.0374	PUXADOR CITZEN G FOSCO	PUXADORES
10.14.0375	PUXADOR CITZEN G VECCHIO COBRE	PUXADORES
10.14.0376	PUXADOR CITZEN G NIQUEL VECCHIO	PUXADORES
10.14.0377	PUXADOR CITZEN G NIQUEL ESCOVADO	PUXADORES
10.14.0378	PUXADOR CITZEN G DOURADO	PUXADORES
10.14.0379	PUXADOR CITZEN G GOLD	PUXADORES
10.14.0380	PUXADOR CITZEN G GOLD ESCOVADO	PUXADORES
10.14.0381	PUXADOR CITZEN G RED GOLD	PUXADORES
10.14.0382	PUXADOR CITZEN G RED GOLD ESCOVADO	PUXADORES
10.14.0383	PUXADOR CITZEN G ROSE	PUXADORES
10.14.0384	PUXADOR CITZEN G ROSE ESCOVADO	PUXADORES
10.14.0385	PUXADOR CITZEN 45 GRAUS P CROMO	PUXADORES
10.14.0386	PUXADOR CITZEN 45 GRAUS P CROMO ESCOVADO	PUXADORES
10.14.0387	PUXADOR CITZEN 45 GRAUS P PRETO	PUXADORES
10.14.0388	PUXADOR CITZEN 45 GRAUS P BRANCO	PUXADORES
10.14.0389	PUXADOR CITZEN 45 GRAUS P FOSCO	PUXADORES
10.14.0390	PUXADOR CITZEN 45 GRAUS P BRONZE	PUXADORES
10.14.0391	PUXADOR CITZEN 45 GRAUS P VECCHIO COBRE	PUXADORES
10.14.0392	PUXADOR CITZEN 45 GRAUS P NIQUEL VECCHIO	PUXADORES
10.14.0393	PUXADOR CITZEN 45 GRAUS P NIQUEL ESCOVADO	PUXADORES
10.14.0394	PUXADOR CITZEN 45 GRAUS P DOURADO	PUXADORES
10.14.0395	PUXADOR CITZEN 45 GRAUS P GOLD	PUXADORES
10.14.0396	PUXADOR CITZEN 45 GRAUS P GOLD ESCOVADO	PUXADORES
10.14.0397	PUXADOR CITZEN 45 GRAUS P RED GOLD	PUXADORES
10.14.0398	PUXADOR CITZEN 45 GRAUS P RED GOLD ESCOVADO	PUXADORES
10.14.0399	PUXADOR CITZEN 45 GRAUS P ROSE	PUXADORES
10.14.0400	PUXADOR CITZEN 45 GRAUS P ROSE ESCOVADO	PUXADORES
10.14.0401	PUXADOR CITZEN 45 GRAUS G CROMO	PUXADORES
10.14.0402	PUXADOR CITZEN 45 GRAUS G CROMO ESCOVADO	PUXADORES
10.14.0403	PUXADOR CITZEN 45 GRAUS G PRETO	PUXADORES
10.14.0404	PUXADOR CITZEN 45 GRAUS G BRANCO	PUXADORES
10.14.0405	PUXADOR CITZEN 45 GRAUS G FOSCO	PUXADORES
10.14.0406	PUXADOR CITZEN 45 GRAUS G BRONZE	PUXADORES
10.14.0407	PUXADOR CITZEN 45 GRAUS G VECCHIO COBRE	PUXADORES
10.14.0408	PUXADOR CITZEN 45 GRAUS G NIQUEL VECCHIO	PUXADORES
10.14.0409	PUXADOR CITZEN 45 GRAUS G NIQUEL ESCOVADO	PUXADORES
10.14.0410	PUXADOR CITZEN 45 GRAUS G DOURADO	PUXADORES
10.14.0411	PUXADOR CITZEN 45 GRAUS G GOLD	PUXADORES
10.14.0412	PUXADOR CITZEN 45 GRAUS G GOLD ESCOVADO	PUXADORES
10.14.0413	PUXADOR CITZEN 45 GRAUS G RED GOLD	PUXADORES
10.14.0414	PUXADOR CITZEN 45 GRAUS G RED GOLD ESCOVADO	PUXADORES
10.14.0415	PUXADOR CITZEN 45 GRAUS G ROSE	PUXADORES
10.14.0416	PUXADOR CITZEN 45 GRAUS G ROSE ESCOVADO	PUXADORES
10.14.0417	PUXADOR CRETA 64MM CROMO	PUXADORES
10.14.0418	PUXADOR CRETA 64MM CROMO ESCOVADO	PUXADORES
10.14.0419	PUXADOR CRETA 64MM PRETO	PUXADORES
10.14.0420	PUXADOR CRETA 64MM BRANCO	PUXADORES
10.14.0421	PUXADOR CRETA 64MM VECCHIO BIANCO	PUXADORES
10.14.0422	PUXADOR CRETA 64MM VECCHIO METALLO	PUXADORES
10.14.0423	PUXADOR CRETA 64MM VECCHIO COBRE	PUXADORES
10.14.0424	PUXADOR CRETA 64MM NIQUEL VELHO	PUXADORES
10.14.0425	PUXADOR CRETA 64MM NIQUEL ESC C/ VERNIZ BRILHO	PUXADORES
10.14.0426	PUXADOR CRETA 64MM GOLD	PUXADORES
10.14.0427	PUXADOR CRETA 64MM GOLD ESCOVADO	PUXADORES
10.14.0428	PUXADOR CRETA 64MM RED GOLD	PUXADORES
10.14.0429	PUXADOR CRETA 64MM RED GOLD ESCOVADO	PUXADORES
10.14.0430	PUXADOR CRETA 64MM ROSE	PUXADORES
10.14.0431	PUXADOR CRETA 64MM ROSE ESCOVADO	PUXADORES
10.14.0432	PUXADOR CRETA 192MM ALUM CROMO	PUXADORES
10.14.0433	PUXADOR CRETA 192MM ALUM CROMO ESCOVADO	PUXADORES
10.14.0434	PUXADOR CRETA 192MM PRETO	PUXADORES
10.14.0435	PUXADOR CRETA 192MM BRANCO	PUXADORES
10.14.0436	PUXADOR CRETA 192MM VECCHIO BIANCO	PUXADORES
10.14.0437	PUXADOR CRETA 192MM VECCHIO METALLO	PUXADORES
10.14.0438	PUXADOR CRETA 192MM VECCHIO COBRE	PUXADORES
10.14.0439	PUXADOR CRETA 192MM NIQUEL VELHO	PUXADORES
10.14.0440	PUXADOR CRETA 192MM NIQUEL ESC C/ VERNIZ BRILHO	PUXADORES
10.14.0441	PUXADOR CRETA 192MM GOLD	PUXADORES
10.14.0442	PUXADOR CRETA 192MM GOLD ESCOVADO	PUXADORES
10.14.0443	PUXADOR CRETA 192MM RED GOLD	PUXADORES
10.14.0444	PUXADOR CRETA 192MM RED GOLD ESCOVADO	PUXADORES
10.14.0445	PUXADOR CRETA 192MM ROSE	PUXADORES
10.14.0446	PUXADOR CRETA 192MM ROSE ESCOVADO	PUXADORES
10.14.0447	PUXADOR CUP CROMO	PUXADORES
10.14.0448	PUXADOR CUP CROMO ESCOVADO	PUXADORES
10.14.0449	PUXADOR CUP PRETO	PUXADORES
10.14.0450	PUXADOR CUP BRANCO	PUXADORES
10.14.0451	PUXADOR CUP GRAFITTO	PUXADORES
10.14.0452	PUXADOR CUP TITANIUM	PUXADORES
10.14.0453	PUXADOR CUP NIQUEL VELHO	PUXADORES
10.14.0454	PUXADOR CUP VECCHIO COBRE	PUXADORES
10.14.0455	PUXADOR CUP VECCHIO METALLO	PUXADORES
10.14.0456	PUXADOR CUP NIQUEL ESCOVADO C/ VERNIZ	PUXADORES
10.14.0457	PUXADOR CUP DOURADO	PUXADORES
10.14.0458	PUXADOR CUP GOLD	PUXADORES
10.14.0459	PUXADOR CUP GOLD ESCOVADO	PUXADORES
10.14.0460	PUXADOR CUP RED GOLD	PUXADORES
10.14.0461	PUXADOR CUP RED GOLD ESCOVADO	PUXADORES
10.14.0462	PUXADOR CUP ROSE	PUXADORES
10.14.0463	PUXADOR CUP ROSE ESCOVADO	PUXADORES
10.14.0464	PUXADOR DHARMA 10MM CROMO	PUXADORES
10.14.0465	PUXADOR DHARMA 10MM CROMO ESCOVADO	PUXADORES
10.14.0466	PUXADOR DHARMA 10MM PRETO	PUXADORES
10.14.0467	PUXADOR DHARMA 10MM BRANCO	PUXADORES
10.14.0468	PUXADOR DHARMA 10MM BRONZE	PUXADORES
10.14.0469	PUXADOR DHARMA 10MM TITANIUM	PUXADORES
10.14.0470	PUXADOR DHARMA 10MM VECCHIO COBRE	PUXADORES
10.14.0471	PUXADOR DHARMA 10MM VECCHIO METALLO	PUXADORES
10.14.0472	PUXADOR DHARMA 10MM DOURADO	PUXADORES
10.14.0473	PUXADOR DHARMA 10MM GOLD	PUXADORES
10.14.0474	PUXADOR DHARMA 10MM GOLD ESCOVADO	PUXADORES
10.14.0475	PUXADOR DHARMA 10MM RED GOLD	PUXADORES
10.14.0476	PUXADOR DHARMA 10MM RED GOLD ESCOVADO	PUXADORES
10.14.0477	PUXADOR DHARMA 10MM ROSE	PUXADORES
10.14.0478	PUXADOR DHARMA 10MM ROSE ESCOVADO	PUXADORES
10.14.0479	PUXADOR DHARMA 32MM CROMO	PUXADORES
10.14.0480	PUXADOR DHARMA 32MM CROMO ESCOVADO	PUXADORES
10.14.0481	PUXADOR DHARMA 32MM PRETO	PUXADORES
10.14.0482	PUXADOR DHARMA 32MM BRANCO	PUXADORES
10.14.0483	PUXADOR DHARMA 32MM BRONZE	PUXADORES
10.14.0484	PUXADOR DHARMA 32MM TITANIUM	PUXADORES
10.14.0485	PUXADOR DHARMA 32MM VECCHIO COBRE	PUXADORES
10.14.0486	PUXADOR DHARMA 32MM VECCHIO METALLO	PUXADORES
10.14.0487	PUXADOR DHARMA 32MM DOURADO	PUXADORES
10.14.0488	PUXADOR DHARMA 32MM GOLD	PUXADORES
10.14.0489	PUXADOR DHARMA 32MM GOLD ESCOVADO	PUXADORES
10.14.0490	PUXADOR DHARMA 32MM RED GOLD	PUXADORES
10.14.0491	PUXADOR DHARMA 32MM RED GOLD ESCOVADO	PUXADORES
10.14.0492	PUXADOR DHARMA 32MM ROSE	PUXADORES
10.14.0493	PUXADOR DHARMA 32MM ROSE ESCOVADO	PUXADORES
10.14.0494	PUXADOR DHARMA 48MM CROMO	PUXADORES
10.14.0495	PUXADOR DHARMA 48MM CROMO ESCOVADO	PUXADORES
10.14.0496	PUXADOR DHARMA 48MM PRETO	PUXADORES
10.14.0497	PUXADOR DHARMA 48MM BRANCO	PUXADORES
10.14.0498	PUXADOR DHARMA 48MM BRONZE	PUXADORES
10.14.0499	PUXADOR DHARMA 48MM TITANIUM	PUXADORES
10.14.0500	PUXADOR DHARMA 48MM VECCHIO COBRE	PUXADORES
10.14.0501	PUXADOR DHARMA 48MM VECCHIO METALLO	PUXADORES
10.14.0502	PUXADOR DHARMA 48MM DOURADO	PUXADORES
10.14.0503	PUXADOR DHARMA 48MM GOLD	PUXADORES
10.14.0504	PUXADOR DHARMA 48MM GOLD ESCOVADO	PUXADORES
10.14.0505	PUXADOR DHARMA 48MM RED GOLD	PUXADORES
10.14.0506	PUXADOR DHARMA 48MM RED GOLD ESCOVADO	PUXADORES
10.14.0507	PUXADOR DHARMA 48MM ROSE	PUXADORES
10.14.0508	PUXADOR DHARMA 48MM ROSE ESCOVADO	PUXADORES
10.14.0509	PUXADOR BIG DHARMA 64MM CROMO	PUXADORES
10.14.0510	PUXADOR BIG DHARMA 64MM CROMO ESCOVADO	PUXADORES
10.14.0511	PUXADOR BIG DHARMA 64MM BRONZE	PUXADORES
10.14.0512	PUXADOR BIG DHARMA 64MM TITANIUM	PUXADORES
10.14.0513	PUXADOR BIG DHARMA 64MM VECCHIO COBRE	PUXADORES
10.14.0514	PUXADOR BIG DHARMA 64MM VECCHIO METALLO	PUXADORES
10.14.0515	PUXADOR BIG DHARMA 64MM DOURADO	PUXADORES
10.14.0516	PUXADOR BIG DHARMA 64MM GOLD	PUXADORES
10.14.0517	PUXADOR BIG DHARMA 64MM GOLD ESCOVADO	PUXADORES
10.14.0518	PUXADOR BIG DHARMA 64MM RED GOLD	PUXADORES
10.14.0519	PUXADOR BIG DHARMA 64MM RED GOLD ESCOVADO	PUXADORES
10.14.0520	PUXADOR BIG DHARMA 64MM ROSE	PUXADORES
10.14.0521	PUXADOR BIG DHARMA 64MM ROSE ESCOVADO	PUXADORES
10.14.0522	PUXADOR ELEMENTO ZEN P CROMO	PUXADORES
10.14.0523	PUXADOR ELEMENTO ZEN P CROMO ESCOVADO	PUXADORES
10.14.0524	PUXADOR ELEMENTO ZEN P PRETO	PUXADORES
10.14.0525	PUXADOR ELEMENTO ZEN P BRANCO	PUXADORES
10.14.0526	PUXADOR ELEMENTO ZEN P VECCHIO METALLO	PUXADORES
10.14.0527	PUXADOR ELEMENTO ZEN P VECCHIO COBRE	PUXADORES
10.14.0528	PUXADOR ELEMENTO ZEN P NIQUEL VECCHIO	PUXADORES
10.14.0529	PUXADOR ELEMENTO ZEN P NIQUEL ESCOVADO	PUXADORES
10.14.0530	PUXADOR ELEMENTO ZEN P TITANIUM	PUXADORES
10.14.0531	PUXADOR ELEMENTO ZEN P DOURADO	PUXADORES
10.14.0532	PUXADOR ELEMENTO ZEN P GOLD	PUXADORES
10.14.0533	PUXADOR ELEMENTO ZEN P GOLD ESCOVADO	PUXADORES
10.14.0534	PUXADOR ELEMENTO ZEN P RED GOLD	PUXADORES
10.14.0535	PUXADOR ELEMENTO ZEN P RED GOLD ESCOVADO	PUXADORES
10.14.0536	PUXADOR ELEMENTO ZEN P ROSE	PUXADORES
10.14.0537	PUXADOR ELEMENTO ZEN P ROSE ESCOVADO	PUXADORES
10.14.0538	PUXADOR ELEMENTO ZEN M CROMO	PUXADORES
10.14.0539	PUXADOR ELEMENTO ZEN M CROMO ESCOVADO	PUXADORES
10.14.0540	PUXADOR ELEMENTO ZEN M PRETO	PUXADORES
10.14.0541	PUXADOR ELEMENTO ZEN M BRANCO	PUXADORES
10.14.0542	PUXADOR ELEMENTO ZEN M VECCHIO METALLO	PUXADORES
10.14.0543	PUXADOR ELEMENTO ZEN M VECCHIO COBRE	PUXADORES
10.14.0544	PUXADOR ELEMENTO ZEN M NIQUEL VECCHIO	PUXADORES
10.14.0545	PUXADOR ELEMENTO ZEN M NIQUEL ESCOVADO	PUXADORES
10.14.0546	PUXADOR ELEMENTO ZEN M TITANIUM	PUXADORES
10.14.0547	PUXADOR ELEMENTO ZEN M DOURADO	PUXADORES
10.14.0548	PUXADOR ELEMENTO ZEN M GOLD	PUXADORES
10.14.0549	PUXADOR ELEMENTO ZEN M GOLD ESCOVADO	PUXADORES
10.14.0550	PUXADOR ELEMENTO ZEN M RED GOLD	PUXADORES
10.14.0551	PUXADOR ELEMENTO ZEN M RED GOLD ESCOVADO	PUXADORES
10.14.0552	PUXADOR ELEMENTO ZEN M ROSE	PUXADORES
10.14.0553	PUXADOR ELEMENTO ZEN M ROSE ESCOVADO	PUXADORES
10.14.0554	PUXADOR ELEMENTO ZEN G CROMO	PUXADORES
10.14.0555	PUXADOR ELEMENTO ZEN G CROMO ESCOVADO	PUXADORES
10.14.0556	PUXADOR ELEMENTO ZEN G PRETO	PUXADORES
10.14.0557	PUXADOR ELEMENTO ZEN G BRANCO	PUXADORES
10.14.0558	PUXADOR ELEMENTO ZEN G VECCHIO METALLO	PUXADORES
10.14.0559	PUXADOR ELEMENTO ZEN G VECCHIO COBRE	PUXADORES
10.14.0560	PUXADOR ELEMENTO ZEN G NIQUEL VECCHIO	PUXADORES
10.14.0561	PUXADOR ELEMENTO ZEN G NIQUEL ESCOVADO	PUXADORES
10.14.0562	PUXADOR ELEMENTO ZEN G TITANIUM	PUXADORES
10.14.0563	PUXADOR ELEMENTO ZEN G DOURADO	PUXADORES
10.14.0564	PUXADOR ELEMENTO ZEN G GOLD	PUXADORES
10.14.0565	PUXADOR ELEMENTO ZEN G GOLD ESCOVADO	PUXADORES
10.14.0566	PUXADOR ELEMENTO ZEN G RED GOLD	PUXADORES
10.14.0567	PUXADOR ELEMENTO ZEN G RED GOLD ESCOVADO	PUXADORES
10.14.0568	PUXADOR ELEMENTO ZEN G ROSE	PUXADORES
10.14.0569	PUXADOR ELEMENTO ZEN G ROSE ESCOVADO	PUXADORES
10.14.0570	PUXADOR FUNE PONTO CROMO C/ ESPIA DE ACO	PUXADORES
10.14.0571	PUXADOR FUNE PONTO COBRE C/ ESPIA DE ACO	PUXADORES
10.14.0572	PUXADOR FUNE PONTO DOURADO C/ ESPIA DE ACO	PUXADORES
10.14.0573	PUXADOR FUNE PONTO VECCHIO METALLO C/ ESPIA DE ACO	PUXADORES
10.14.0574	PUXADOR FUNE PONTO GOLD C/ ESPIA DE ACO	PUXADORES
10.14.0575	PUXADOR FUNE PONTO GOLD ESCOVADO C/ ESPIA DE ACO	PUXADORES
10.14.0576	PUXADOR FUNE PONTO RED GOLD C/ ESPIA DE ACO	PUXADORES
10.14.0577	PUXADOR FUNE PONTO RED GOLD ESCOVADO C/ ESPIA DE ACO	PUXADORES
10.14.0578	PUXADOR FUNE PONTO ROSE C/ ESPIA DE ACO	PUXADORES
10.14.0579	PUXADOR FUNE PONTO ROSE ESCOVADO C/ ESPIA DE ACO	PUXADORES
10.14.0580	PUXADOR FUNE CROMO C/ COURO MARROM	PUXADORES
10.14.0581	PUXADOR FUNE VECCHIO COBRE C/ COURO MARROM	PUXADORES
10.14.0582	PUXADOR FUNE VECCHIO METALLO C/ COURO MARROM	PUXADORES
10.14.0583	PUXADOR FUNE DOURADO C/ COURO MARROM	PUXADORES
10.14.0584	PUXADOR FUNE GOLD C/ COURO MARROM	PUXADORES
10.14.0585	PUXADOR FUNE GOLD ESCOVADO C/ COURO MARROM	PUXADORES
10.14.0586	PUXADOR FUNE RED GOLD C/ COURO MARROM	PUXADORES
10.14.0587	PUXADOR FUNE RED GOLD ESCOVADO C/ COURO MARROM	PUXADORES
10.14.0588	PUXADOR FUNE ROSE C/ COURO MARROM	PUXADORES
10.14.0589	PUXADOR FUNE ROSE ESCOVADO C/ COURO MARROM	PUXADORES
10.14.0590	PUXADOR KEN 32MM CROMO	PUXADORES
10.14.0591	PUXADOR KEN 32MM ALUM	PUXADORES
10.14.0592	PUXADOR KEN 32MM CROMO/DIAMOND	PUXADORES
10.14.0593	PUXADOR KEN 32MM VECCHIO COBRE	PUXADORES
10.14.0594	PUXADOR KEN 32MM VECCHIO METALLO	PUXADORES
10.14.0595	PUXADOR KEN 32MM DOURADO	PUXADORES
10.14.0596	PUXADOR KEN 32MM GOLD	PUXADORES
10.14.0597	PUXADOR KEN 32MM GOLD ESCOVADO	PUXADORES
10.14.0598	PUXADOR KEN 32MM RED GOLD	PUXADORES
10.14.0599	PUXADOR KEN 32MM RED GOLD ESCOVADO	PUXADORES
10.14.0600	PUXADOR KEN 32MM ROSE	PUXADORES
10.14.0601	PUXADOR KEN 32MM ROSE ESCOVADO	PUXADORES
10.14.0602	PUXADOR KEN 128MM CROMO	PUXADORES
10.14.0603	PUXADOR KEN 128MM ALUM	PUXADORES
10.14.0604	PUXADOR KEN 128MM CROMO/DIAMOND	PUXADORES
10.14.0605	PUXADOR KEN 128MM VECCHIO COBRE	PUXADORES
10.14.0606	PUXADOR KEN 128MM VECCHIO METALLO	PUXADORES
10.14.0607	PUXADOR KEN 128MM DOURADO	PUXADORES
10.14.0608	PUXADOR KEN 128MM GOLD	PUXADORES
10.14.0609	PUXADOR KEN 128MM GOLD ESCOVADO	PUXADORES
10.14.0610	PUXADOR KEN 128MM RED GOLD	PUXADORES
10.14.0611	PUXADOR KEN 128MM RED GOLD ESCOVADO	PUXADORES
10.14.0612	PUXADOR KEN 128MM ROSE	PUXADORES
10.14.0613	PUXADOR KEN 128MM ROSE ESCOVADO	PUXADORES
10.14.0614	PUXADOR ALLEN GRANADO 160MM CROMO/CROMO	PUXADORES
10.14.0615	PUXADOR ALLEN GRANADO 160MM CROMO ESCOVADO	PUXADORES
10.14.0616	PUXADOR KEN 192MM CROMO	PUXADORES
10.14.0617	PUXADOR KEN 192MM ALUM	PUXADORES
10.14.0618	PUXADOR KEN 192MM CROMO/DIAMOND	PUXADORES
10.14.0619	PUXADOR KEN 192MM VECCHIO COBRE	PUXADORES
10.14.0620	PUXADOR KEN 192MM VECCHIO METALLO	PUXADORES
10.14.0621	PUXADOR KEN 192MM DOURADO	PUXADORES
10.14.0622	PUXADOR KEN 192MM GOLD	PUXADORES
10.14.0623	PUXADOR KEN 192MM GOLD ESCOVADO	PUXADORES
10.14.0624	PUXADOR KEN 192MM RED GOLD	PUXADORES
10.14.0625	PUXADOR KEN 192MM RED GOLD ESCOVADO	PUXADORES
10.14.0626	PUXADOR KEN 192MM ROSE	PUXADORES
10.14.0627	PUXADOR KEN 192MM ROSE ESCOVADO	PUXADORES
10.14.0628	PUXADOR KEN 320MM CROMO	PUXADORES
10.14.0629	PUXADOR KEN 320MM ALUM	PUXADORES
10.14.0630	PUXADOR KEN 320MM CROMO/DIAMOND	PUXADORES
10.14.0631	PUXADOR KEN 320MM VECCHIO COBRE	PUXADORES
10.14.0632	PUXADOR KEN 320MM VECCHIO METALLO	PUXADORES
10.14.0633	PUXADOR KEN 320MM DOURADO	PUXADORES
10.14.0634	PUXADOR KEN 320MM GOLD	PUXADORES
10.14.0635	PUXADOR KEN 320MM GOLD ESCOVADO	PUXADORES
10.14.0636	PUXADOR KEN 320MM RED GOLD	PUXADORES
10.14.0637	PUXADOR KEN 320MM RED GOLD ESCOVADO	PUXADORES
10.14.0638	PUXADOR KEN 320MM ROSE	PUXADORES
10.14.0639	PUXADOR KEN 320MM ROSE ESCOVADO	PUXADORES
10.14.0640	PUXADOR KEN 416MM CROMO	PUXADORES
10.14.0641	PUXADOR KEN 416MM ALUM	PUXADORES
10.14.0642	PUXADOR KEN 416MM CROMO/DIAMOND	PUXADORES
10.14.0643	PUXADOR KEN 416MM VECCHIO COBRE	PUXADORES
10.14.0644	PUXADOR KEN 416MM VECCHIO METALLO	PUXADORES
10.14.0645	PUXADOR KEN 416MM DOURADO	PUXADORES
10.14.0646	PUXADOR KEN 416MM GOLD	PUXADORES
10.14.0647	PUXADOR KEN 416MM GOLD ESCOVADO	PUXADORES
10.14.0648	PUXADOR KEN 416MM RED GOLD	PUXADORES
10.14.0649	PUXADOR KEN 416MM RED GOLD ESCOVADO	PUXADORES
10.14.0650	PUXADOR KEN 416MM ROSE	PUXADORES
10.14.0651	PUXADOR KEN 416MM ROSE ESCOVADO	PUXADORES
10.14.0652	PUXADOR KEN 640MM CROMO	PUXADORES
10.14.0653	PUXADOR KEN 640MM ALUM	PUXADORES
10.14.0654	PUXADOR KEN 640MM CROMO/DIAMOND	PUXADORES
10.14.0655	PUXADOR KEN 640MM VECCHIO COBRE	PUXADORES
10.14.0656	PUXADOR KEN 640MM VECCHIO METALLO	PUXADORES
10.14.0657	PUXADOR KEN 640MM DOURADO	PUXADORES
10.14.0658	PUXADOR KEN 640MM GOLD	PUXADORES
10.14.0659	PUXADOR KEN 640MM GOLD ESCOVADO	PUXADORES
10.14.0660	PUXADOR KEN 640MM RED GOLD	PUXADORES
10.14.0661	PUXADOR KEN 640MM RED GOLD ESCOVADO	PUXADORES
10.14.0662	PUXADOR KEN 640MM ROSE	PUXADORES
10.14.0663	PUXADOR KEN 640MM ROSE ESCOVADO	PUXADORES
10.14.0664	PUXADOR KEN GRANADO 128MM CROMO (ZEN)	PUXADORES
10.14.0665	PUXADOR KEN GRANADO 128MM PRETO (ZEN)	PUXADORES
10.14.0666	PUXADOR KEN GRANADO 128MM BRANCO (ZEN)	PUXADORES
10.14.0667	PUXADOR KEN GRANADO 128MM BRONZE (ZEN)	PUXADORES
10.14.0668	PUXADOR KEN GRANADO 128MM TITANIUM (ZEN)	PUXADORES
10.14.0669	PUXADOR KEN GRANADO 128MM NIQUEL VELHO (ZEN)	PUXADORES
10.14.0670	PUXADOR KEN GRANADO 128MM VECCHIO COBRE (ZEN)	PUXADORES
10.14.0671	PUXADOR KEN GRANADO 128MM VECCHIO METALLO (ZEN)	PUXADORES
10.14.0672	PUXADOR KEN GRANADO 128MM NIQUEL ESC C/ VERNIZ (ZEN)	PUXADORES
10.14.0673	PUXADOR KEN GRANADO 128MM DOURADO (ZEN)	PUXADORES
10.14.0674	PUXADOR KEN GRANADO 128MM GOLD (ZEN)	PUXADORES
10.14.0675	PUXADOR KEN GRANADO 128MM GOLD ESCOVADO (ZEN)	PUXADORES
10.14.0676	PUXADOR KEN GRANADO 128MM RED GOLD (ZEN)	PUXADORES
10.14.0677	PUXADOR KEN GRANADO 128MM RED GOLD ESCOVADO (ZEN)	PUXADORES
10.14.0678	PUXADOR KEN GRANADO 128MM ROSE (ZEN)	PUXADORES
10.14.0679	PUXADOR KEN GRANADO 128MM ROSE ESCOVADO (ZEN)	PUXADORES
10.14.0680	PUXADOR KEN GRANADO 192MM CROMO (ZEN)	PUXADORES
10.14.0681	PUXADOR KEN GRANADO 192MM PRETO (ZEN)	PUXADORES
10.14.0682	PUXADOR KEN GRANADO 192MM BRANCO (ZEN)	PUXADORES
10.14.0683	PUXADOR KEN GRANADO 192MM BRONZE (ZEN)	PUXADORES
10.14.0684	PUXADOR KEN GRANADO 192MM TITANIUM (ZEN)	PUXADORES
10.14.0685	PUXADOR KEN GRANADO 192MM NIQUEL VELHO (ZEN)	PUXADORES
10.14.0686	PUXADOR KEN GRANADO 192MM VECCHIO COBRE (ZEN)	PUXADORES
10.14.0687	PUXADOR KEN GRANADO 192MM VECCHIO METALLO (ZEN)	PUXADORES
10.14.0688	PUXADOR KEN GRANADO 192MM NIQUEL ESC C/ VERNIZ (ZEN)	PUXADORES
10.14.0689	PUXADOR KEN GRANADO 192MM DOURADO (ZEN)	PUXADORES
10.14.0690	PUXADOR KEN GRANADO 192MM GOLD (ZEN)	PUXADORES
10.14.0691	PUXADOR KEN GRANADO 192MM GOLD ESCOVADO (ZEN)	PUXADORES
10.14.0692	PUXADOR KEN GRANADO 192MM RED GOLD (ZEN)	PUXADORES
10.14.0693	PUXADOR KEN GRANADO 192MM RED GOLD ESCOVADO (ZEN)	PUXADORES
10.14.0694	PUXADOR KEN GRANADO 192MM ROSE (ZEN)	PUXADORES
10.14.0695	PUXADOR KEN GRANADO 192MM ROSE ESCOVADO (ZEN)	PUXADORES
10.14.0696	PUXADOR KEN GRANADO 320MM CROMO (ZEN)	PUXADORES
10.14.0697	PUXADOR KEN GRANADO 320MM PRETO (ZEN)	PUXADORES
10.14.0698	PUXADOR KEN GRANADO 320MM BRANCO (ZEN)	PUXADORES
10.14.0699	PUXADOR KEN GRANADO 320MM BRONZE (ZEN)	PUXADORES
10.14.0700	PUXADOR KEN GRANADO 320MM TITANIUM (ZEN)	PUXADORES
10.14.0701	PUXADOR KEN GRANADO 320MM NIQUEL VELHO (ZEN)	PUXADORES
10.14.0702	PUXADOR KEN GRANADO 320MM VECCHIO COBRE (ZEN)	PUXADORES
10.14.0703	PUXADOR KEN GRANADO 320MM VECCHIO METALLO (ZEN)	PUXADORES
10.14.0704	PUXADOR KEN GRANADO 320MM NIQUEL ESC C/ VERNIZ (ZEN)	PUXADORES
10.14.0705	PUXADOR KEN GRANADO 320MM DOURADO (ZEN)	PUXADORES
10.14.0706	PUXADOR KEN GRANADO 320MM GOLD (ZEN)	PUXADORES
10.14.0707	PUXADOR KEN GRANADO 320MM GOLD ESCOVADO (ZEN)	PUXADORES
10.14.0708	PUXADOR KEN GRANADO 320MM RED GOLD (ZEN)	PUXADORES
10.14.0709	PUXADOR KEN GRANADO 320MM RED GOLD ESCOVADO (ZEN)	PUXADORES
10.14.0710	PUXADOR KEN GRANADO 320MM ROSE (ZEN)	PUXADORES
10.14.0711	PUXADOR KEN GRANADO 320MM ROSE ESCOVADO (ZEN)	PUXADORES
10.14.0712	PUXADOR KEN GRANADO 416MM CROMO (ZEN)	PUXADORES
10.14.0713	PUXADOR KEN GRANADO 416MM PRETO (ZEN)	PUXADORES
10.14.0714	PUXADOR KEN GRANADO 416MM BRANCO (ZEN)	PUXADORES
10.14.0715	PUXADOR KEN GRANADO 416MM BRONZE (ZEN)	PUXADORES
10.14.0716	PUXADOR KEN GRANADO 416MM TITANIUM (ZEN)	PUXADORES
10.14.0717	PUXADOR KEN GRANADO 416MM NIQUEL VELHO (ZEN)	PUXADORES
10.14.0718	PUXADOR KEN GRANADO 416MM VECCHIO COBRE (ZEN)	PUXADORES
10.14.0719	PUXADOR KEN GRANADO 416MM VECCHIO METALLO (ZEN)	PUXADORES
10.14.0720	PUXADOR KEN GRANADO 416MM NIQUEL ESC C/ VERNIZ (ZEN)	PUXADORES
10.14.0721	PUXADOR KEN GRANADO 416MM DOURADO (ZEN)	PUXADORES
10.14.0722	PUXADOR KEN GRANADO 416MM GOLD (ZEN)	PUXADORES
10.14.0723	PUXADOR KEN GRANADO 416MM GOLD ESCOVADO (ZEN)	PUXADORES
10.14.0724	PUXADOR KEN GRANADO 416MM RED GOLD (ZEN)	PUXADORES
10.14.0725	PUXADOR KEN GRANADO 416MM RED GOLD ESCOVADO (ZEN)	PUXADORES
10.14.0726	PUXADOR KEN GRANADO 416MM ROSE (ZEN)	PUXADORES
10.14.0727	PUXADOR KEN GRANADO 416MM ROSE ESCOVADO (ZEN)	PUXADORES
10.14.0728	PUXADOR KEN GRANADO 640MM CROMO (ZEN)	PUXADORES
10.14.0729	PUXADOR KEN GRANADO 640MM PRETO (ZEN)	PUXADORES
10.14.0730	PUXADOR KEN GRANADO 640MM BRANCO (ZEN)	PUXADORES
10.14.0731	PUXADOR KEN GRANADO 640MM BRONZE (ZEN)	PUXADORES
10.14.0732	PUXADOR KEN GRANADO 640MM TITANIUM (ZEN)	PUXADORES
10.14.0733	PUXADOR KEN GRANADO 640MM NIQUEL VELHO (ZEN)	PUXADORES
10.14.0734	PUXADOR KEN GRANADO 640MM VECCHIO COBRE (ZEN)	PUXADORES
10.14.0735	PUXADOR KEN GRANADO 640MM VECCHIO METALLO (ZEN)	PUXADORES
10.14.0736	PUXADOR KEN GRANADO 640MM NIQUEL ESC C/ VERNIZ (ZEN)	PUXADORES
10.14.0737	PUXADOR KEN GRANADO 640MM DOURADO (ZEN)	PUXADORES
10.14.0738	PUXADOR KEN GRANADO 640MM GOLD (ZEN)	PUXADORES
10.14.0739	PUXADOR KEN GRANADO 640MM GOLD ESCOVADO (ZEN)	PUXADORES
10.14.0740	PUXADOR KEN GRANADO 640MM RED GOLD (ZEN	PUXADORES
10.14.0741	PUXADOR KEN GRANADO 640MM RED GOLD ESCOVADO (ZEN)	PUXADORES
10.14.0742	PUXADOR KEN GRANADO 640MM ROSE (ZEN)	PUXADORES
10.14.0743	PUXADOR KEN GRANADO 640MM ROSE ESCOVADO (ZEN)	PUXADORES
10.14.0744	PUXADOR NORD 160MM CROMADO	PUXADORES
10.14.0745	PUXADOR NORD 160MM DOURADO	PUXADORES
10.14.0746	PUXADOR NORD 160MM INOX POLIDO/CROMO	PUXADORES
10.14.0747	PUXADOR NORD 160MM INOX INOX ESCOVADO/ESCOVADO	PUXADORES
10.14.0748	PUXADOR NORD 160MM VECCHIO METALLO	PUXADORES
10.14.0749	PUXADOR NORD 160MM VECCHIO COBRE	PUXADORES
10.14.0750	PUXADOR NORD 160MM NIQUEL ESCOVADO C/ VERNIZ FOSCO	PUXADORES
10.14.0751	PUXADOR NORD 160MM NIQUEL VELHO	PUXADORES
10.14.0752	PUXADOR NORD 160MM BRANCO	PUXADORES
10.14.0753	PUXADOR NORD 160MM PRETO	PUXADORES
10.14.0754	PUXADOR NORD 160MM GOLD	PUXADORES
10.14.0755	PUXADOR NORD 160MM GOLD ESCOVADO	PUXADORES
10.14.0756	PUXADOR NORD 160MM RED GOLD	PUXADORES
10.14.0757	PUXADOR NORD 160MM RED GOLD ESCOVADO	PUXADORES
10.14.0758	PUXADOR NORD 160MM ROSE	PUXADORES
10.14.0759	PUXADOR NORD 160MM ROSE ESCOVADO	PUXADORES
10.14.0760	PUXADOR ORION (33X20MM) CROMO	PUXADORES
10.14.0761	PUXADOR ORION (33X20MM) CROMO ESCOVADO	PUXADORES
10.14.0762	PUXADOR ORION (33X20MM) PINT PRETA	PUXADORES
10.14.0763	PUXADOR ORION (33X20MM) PINT BRANCA	PUXADORES
10.14.0764	PUXADOR ORION (33X20MM) PINT BRONZE	PUXADORES
10.14.0765	PUXADOR ORION (33X20MM) PINT FOSCO	PUXADORES
10.14.0766	PUXADOR ORION (33X20MM) PINT TITANIO	PUXADORES
10.14.0767	PUXADOR ORION (33X20MM) VECCHIO BIANCO	PUXADORES
10.14.0768	PUXADOR ORION (33X20MM) VECCHIO METALLO	PUXADORES
10.14.0769	PUXADOR ORION (33X20MM) VECCHIO COBRE	PUXADORES
10.14.0770	PUXADOR ORION (33X20MM) NIQUEL VELHO	PUXADORES
10.14.0771	PUXADOR ORION (33X20MM) NIQUEL ESC C/ VERNIZ BRILHO	PUXADORES
10.14.0772	PUXADOR ORION (33X20MM) DOURADO	PUXADORES
10.14.0773	PUXADOR ORION (33X20MM) GOLD	PUXADORES
10.14.0774	PUXADOR ORION (33X20MM) GOLD ESCOVADO	PUXADORES
10.14.0775	PUXADOR ORION (33X20MM) RED GOLD	PUXADORES
10.14.0776	PUXADOR ORION (33X20MM) RED GOLD ESCOVADO	PUXADORES
10.14.0777	PUXADOR ORION (33X20MM) ROSE	PUXADORES
10.14.0778	PUXADOR ORION (33X20MM) ROSE ESCOVADO	PUXADORES
10.14.0779	PUXADOR ORION (55X27MM) CROMO	PUXADORES
10.14.0780	PUXADOR ORION (55X27MM) CROMO ESCOVADO	PUXADORES
10.14.0781	PUXADOR ORION (55X27MM) PINT PRETA	PUXADORES
10.14.0782	PUXADOR ORION (55X27MM) PINT BRANCA	PUXADORES
10.14.0783	PUXADOR ORION (55X27MM) PINT BRONZE	PUXADORES
10.14.0784	PUXADOR ORION (55X27MM) PINT FOSCO	PUXADORES
10.14.0785	PUXADOR ORION (55X27MM) PINT TITANIO	PUXADORES
10.14.0786	PUXADOR ORION (55X27MM) VECCHIO BIANCO	PUXADORES
10.14.0787	PUXADOR ORION (55X27MM) VECCHIO METALLO	PUXADORES
10.14.0788	PUXADOR ORION (55X27MM) VECCHIO COBRE	PUXADORES
10.14.0789	PUXADOR ORION (55X27MM) NIQUEL VELHO	PUXADORES
10.14.0790	PUXADOR ORION (55X27MM) NIQUEL ESC C/ VERNIZ BRILHO	PUXADORES
10.14.0791	PUXADOR ORION (55X27MM) DOURADO	PUXADORES
10.14.0792	PUXADOR ORION (55X27MM) GOLD	PUXADORES
10.14.0793	PUXADOR ORION (55X27MM) GOLD ESCOVADO	PUXADORES
10.14.0794	PUXADOR ORION (55X27MM) RED GOLD	PUXADORES
10.14.0795	PUXADOR ORION (55X27MM) RED GOLD ESCOVADO	PUXADORES
10.14.0796	PUXADOR ORION (55X27MM) ROSE	PUXADORES
10.14.0797	PUXADOR ORION (55X27MM) ROSE ESCOVADO	PUXADORES
10.14.0798	PUXADOR ORION (80X31MM) CROMO	PUXADORES
10.14.0799	PUXADOR ORION (80X31MM) CROMO ESCOVADO	PUXADORES
10.14.0800	PUXADOR ORION (80X31MM) PINT PRETA	PUXADORES
10.14.0801	PUXADOR ORION (80X31MM) PINT BRANCA	PUXADORES
10.14.0802	PUXADOR ORION (80X31MM) PINT BRONZE	PUXADORES
10.14.0803	PUXADOR ORION (80X31MM)  PINT FOSCO	PUXADORES
10.14.0804	PUXADOR ORION (80X31MM) PINT TITANIO	PUXADORES
10.14.0805	PUXADOR ORION (80X31MM)  VECCHIO BIANCO	PUXADORES
10.14.0806	PUXADOR ORION (80X31MM) VECCHIO METALLO	PUXADORES
10.14.0807	PUXADOR ORION (80X31MM) VECCHIO COBRE	PUXADORES
10.14.0808	PUXADOR ORION (80X31MM) NIQUEL VELHO	PUXADORES
10.14.0809	PUXADOR ORION (80X31MM) NIQUEL ESC C/ VERNIZ BRILHO	PUXADORES
10.14.0810	PUXADOR ORION (80X31MM) DOURADO	PUXADORES
10.14.0811	PUXADOR ORION (80X31MM) GOLD	PUXADORES
10.14.0812	PUXADOR ORION (80X31MM) GOLD ESCOVADO	PUXADORES
10.14.0813	PUXADOR ORION (80X31MM) RED GOLD	PUXADORES
10.14.0814	PUXADOR ORION (80X31MM) RED GOLD ESCOVADO	PUXADORES
10.14.0815	PUXADOR ORION (80X31MM) ROSE	PUXADORES
10.14.0816	PUXADOR ORION (80X31MM) ROSE ESCOVADO	PUXADORES
10.14.0817	PUXADOR PLYMOUTH 80MM CROMO	PUXADORES
10.14.0818	PUXADOR PLYMOUTH 80MM ESCOVADO	PUXADORES
10.14.0819	PUXADOR PLYMOUTH 80MM PRETO	PUXADORES
10.14.0820	PUXADOR PLYMOUTH 80MM BRANCO	PUXADORES
10.14.0821	PUXADOR PLYMOUTH 80MM GRAFITTO	PUXADORES
10.14.0822	PUXADOR PLYMOUTH 80MM TITANIUM	PUXADORES
10.14.0823	PUXADOR PLYMOUTH 80MM NIQUEL VELHO	PUXADORES
10.14.0824	PUXADOR PLYMOUTH 80MM VECCHIO COBRE	PUXADORES
10.14.0825	PUXADOR PLYMOUTH 80MM VECCHIO METALLO	PUXADORES
10.14.0826	PUXADOR PLYMOUTH 80MM NIQUEL ESC C/ VERNIZ	PUXADORES
10.14.0827	PUXADOR PLYMOUTH 80MM DOURADO	PUXADORES
10.14.0828	PUXADOR PLYMOUTH 80MM GOLD	PUXADORES
10.14.0829	PUXADOR PLYMOUTH 80MM GOLD ESCOVADO	PUXADORES
10.14.0830	PUXADOR PLYMOUTH 80MM RED GOLD	PUXADORES
10.14.0831	PUXADOR PLYMOUTH 80MM RED GOLD ESCOVADO	PUXADORES
10.14.0832	PUXADOR PLYMOUTH 80MM ROSE	PUXADORES
10.14.0833	PUXADOR RADIO MINI PONTO CROMO	PUXADORES
10.14.0834	PUXADOR RADIO MINI PONTO CROMO DIAMOND	PUXADORES
10.14.0835	PUXADOR RADIO MINI PONTO CROMO ESCOVADO	PUXADORES
10.14.0836	PUXADOR RADIO MINI PONTO PINT PRETO	PUXADORES
10.14.0837	PUXADOR RADIO MINI PONTO PINT BRANCA	PUXADORES
10.14.0838	PUXADOR RADIO MINI PONTO PINT BRONZE	PUXADORES
10.14.0839	PUXADOR RADIO MINI PONTO PINT FOSCO	PUXADORES
10.14.0840	PUXADOR RADIO MINI PONTO PINT TITANIO	PUXADORES
10.14.0841	PUXADOR RADIO MINI PONTO VECCHIO BIANCO	PUXADORES
10.14.0842	PUXADOR RADIO MINI PONTO VECCHIO METALLO	PUXADORES
10.14.0843	PUXADOR RADIO MINI PONTO VECCHIO COBRE	PUXADORES
10.14.0844	PUXADOR RADIO MINI PONTO NIQUEL VELHO	PUXADORES
10.14.0845	PUXADOR RADIO MINI PONTO NIQUEL ESC C/ VERNIZ BRILHO	PUXADORES
10.14.0846	PUXADOR RADIO MINI PONTO DOURADO	PUXADORES
10.14.0847	PUXADOR RADIO MINI PONTO GOLD	PUXADORES
10.14.0848	PUXADOR RADIO MINI PONTO GOLD ESCOVADO	PUXADORES
10.14.0849	PUXADOR RADIO MINI PONTO RED GOLD	PUXADORES
10.14.0850	PUXADOR RADIO MINI PONTO RED GOLD ESCOVADO	PUXADORES
10.14.0851	PUXADOR RADIO MINI PONTO ROSE	PUXADORES
10.14.0852	PUXADOR RADIO MINI PONTO ROSE ESCOVADO	PUXADORES
10.14.0853	PUXADOR RADIO M_DIO 16MM CROMO	PUXADORES
10.14.0854	PUXADOR RADIO M_DIO 16MM CROMO DIAMOND	PUXADORES
10.14.0855	PUXADOR RADIO M_DIO 16MM CROMO ESCOVADO	PUXADORES
10.14.0856	PUXADOR RADIO M_DIO 16MM PINT PRETO	PUXADORES
10.14.0857	PUXADOR RADIO M_DIO 16MM PINT BRANCA	PUXADORES
10.14.0858	PUXADOR RADIO M_DIO 16MM PINT BRONZE	PUXADORES
10.14.0859	PUXADOR RADIO M_DIO 16MM PINT FOSCO	PUXADORES
10.14.0860	PUXADOR RADIO M_DIO 16MM PINT TITANIO	PUXADORES
10.14.0861	PUXADOR RADIO M_DIO 16MM VECCHIO BIANCO	PUXADORES
10.14.0862	PUXADOR RADIO M_DIO 16MM VECCHIO METALLO	PUXADORES
10.14.0863	PUXADOR RADIO M_DIO 16MM VECCHIO COBRE	PUXADORES
10.14.0864	PUXADOR RADIO M_DIO 16MM NIQUEL VELHO	PUXADORES
10.14.0865	PUXADOR RADIO M_DIO 16MM NIQUEL ESC C/ VERNIZ BRILHO	PUXADORES
10.14.0866	PUXADOR RADIO M_DIO 16MM DOURADO	PUXADORES
10.14.0867	PUXADOR RADIO M_DIO 16MM GOLD	PUXADORES
10.14.0868	PUXADOR RADIO M_DIO 16MM GOLD ESCOVADO	PUXADORES
10.14.0869	PUXADOR RADIO M_DIO 16MM RED GOLD	PUXADORES
10.14.0870	PUXADOR RADIO M_DIO 16MM RED GOLD ESCOVADO	PUXADORES
10.14.0871	PUXADOR RADIO M_DIO 16MM ROSE	PUXADORES
10.14.0872	PUXADOR RADIO M_DIO 16MM ROSE ESCOVADO	PUXADORES
10.14.0873	PUXADOR RADIO GRANDE 30MM CROMO	PUXADORES
10.14.0874	PUXADOR RADIO GRANDE 30MM CROMO DIAMOND	PUXADORES
10.14.0875	PUXADOR RADIO GRANDE 30MM CROMO ESCOVADO	PUXADORES
10.14.0876	PUXADOR RADIO GRANDE 30MM PINT PRETO	PUXADORES
10.14.0877	PUXADOR RADIO GRANDE 30MM PINT BRANCA	PUXADORES
10.14.0878	PUXADOR RADIO GRANDE 30MM PINT BRONZE	PUXADORES
10.14.0879	PUXADOR RADIO GRANDE 30MM PINT FOSCO	PUXADORES
10.14.0880	PUXADOR RADIO GRANDE 30MM PINT TITANIO	PUXADORES
10.14.0881	PUXADOR RADIO GRANDE 30MM VECCHIO BIANCO	PUXADORES
10.14.0882	PUXADOR RADIO GRANDE 30MM VECCHIO METALLO	PUXADORES
10.14.0883	PUXADOR RADIO GRANDE 30MM VECCHIO COBRE	PUXADORES
10.14.0884	PUXADOR RADIO GRANDE 30MM NIQUEL VELHO	PUXADORES
10.14.0885	PUXADOR RADIO GRANDE 30MM NIQUEL ESC C/ VERNIZ BRILHO	PUXADORES
10.14.0886	PUXADOR RADIO GRANDE 30MM DOURADO	PUXADORES
10.14.0887	PUXADOR RADIO GRANDE 30MM GOLD	PUXADORES
10.14.0888	PUXADOR RADIO GRANDE 30MM GOLD ESCOVADO	PUXADORES
10.14.0889	PUXADOR RADIO GRANDE 30MM RED GOLD	PUXADORES
10.14.0890	PUXADOR RADIO GRANDE 30MM RED GOLD ESCOVADO	PUXADORES
10.14.0891	PUXADOR RADIO GRANDE 30MM ROSE	PUXADORES
10.14.0892	PUXADOR RADIO GRANDE 30MM ROSE ESCOVADO	PUXADORES
10.14.0893	PUXADOR SANTA FE GRANADO 128MM CROMO	PUXADORES
10.14.0894	PUXADOR SANTA FE GRANADO 128MM PRETO	PUXADORES
10.14.0895	PUXADOR SANTA FE GRANADO 128MM BRANCO	PUXADORES
10.14.0896	PUXADOR SANTA FE GRANADO 128MM GRAFITTO	PUXADORES
10.14.0897	PUXADOR SANTA FE GRANADO 128MM TITANIUM	PUXADORES
10.14.0898	PUXADOR SANTA FE GRANADO 128MM NIQUEL VELHO	PUXADORES
10.14.0899	PUXADOR SANTA FE GRANADO 128MM VECCHIO COBRE	PUXADORES
10.14.0900	PUXADOR SANTA FE GRANADO 128MM VECCHIO METALLO	PUXADORES
10.14.0901	PUXADOR SANTA FE GRANADO 128MM NIQUEL ESCOVADO C/ VERNIZ	PUXADORES
10.14.0902	PUXADOR SANTA FE GRANADO 128MM DOURADO	PUXADORES
10.14.0903	PUXADOR SANTA FE GRANADO 128MM GOLD	PUXADORES
10.14.0904	PUXADOR SANTA FE GRANADO 128MM GOLD ESCOVADO	PUXADORES
10.14.0905	PUXADOR SANTA FE GRANADO 128MM RED GOLD	PUXADORES
10.14.0906	PUXADOR SANTA FE GRANADO 128MM RED GOLD ESCOVADO	PUXADORES
10.14.0907	PUXADOR SANTA FE GRANADO 128MM ROSE	PUXADORES
10.14.0908	PUXADOR SANTA FE GRANADO 128MM ROSE ESCOVADO	PUXADORES
10.14.0909	PUXADOR SANTA FE GRANADO 192MM CROMO	PUXADORES
10.14.0910	PUXADOR SANTA FE GRANADO 192MM PRETO	PUXADORES
10.14.0911	PUXADOR SANTA FE GRANADO 192MM BRANCO	PUXADORES
10.14.0912	PUXADOR SANTA FE GRANADO 192MM GRAFITTO	PUXADORES
10.14.0913	PUXADOR SANTA FE GRANADO 192MM TITANIUM	PUXADORES
10.14.0914	PUXADOR SANTA FE GRANADO 192MM NIQUEL VELHO	PUXADORES
10.14.0915	PUXADOR SANTA FE GRANADO 192MM VECCHIO COBRE	PUXADORES
10.14.0916	PUXADOR SANTA FE GRANADO 192MM VECCHIO METALLO	PUXADORES
10.14.0917	PUXADOR SANTA FE GRANADO 192MM NIQUEL ESCOVADO C/ VERNIZ	PUXADORES
10.14.0918	PUXADOR SANTA FE GRANADO 192MM DOURADO	PUXADORES
10.14.0919	PUXADOR SANTA FE GRANADO 192MM GOLD	PUXADORES
10.14.0920	PUXADOR SANTA FE GRANADO 192MM GOLD ESCOVADO	PUXADORES
10.14.0921	PUXADOR SANTA FE GRANADO 192MM RED GOLD	PUXADORES
10.14.0922	PUXADOR SANTA FE GRANADO 192MM RED GOLD ESCOVADO	PUXADORES
10.14.0923	PUXADOR SANTA FE GRANADO 192MM ROSE	PUXADORES
10.14.0924	PUXADOR SANTA FE GRANADO 192MM ROSE ESCOVADO	PUXADORES
10.14.0925	PUXADOR SANTA FE GRANADO 320MM CROMO	PUXADORES
10.14.0926	PUXADOR SANTA FE GRANADO 320MM PRETO	PUXADORES
10.14.0927	PUXADOR SANTA FE GRANADO 320MM BRANCO	PUXADORES
10.14.0928	PUXADOR SANTA FE GRANADO 320MM GRAFITTO	PUXADORES
10.14.0929	PUXADOR SANTA FE GRANADO 320MM TITANIUM	PUXADORES
10.14.0930	PUXADOR SANTA FE GRANADO 320MM NIQUEL VELHO	PUXADORES
10.14.0931	PUXADOR SANTA FE GRANADO 320MM VECCHIO COBRE	PUXADORES
10.14.0932	PUXADOR SANTA FE GRANADO 320MM VECCHIO METALLO	PUXADORES
10.14.0933	PUXADOR SANTA FE GRANADO 320MM NIQUEL ESCOVADO C/ VERNIZ	PUXADORES
10.14.0934	PUXADOR SANTA FE GRANADO 320MM DOURADO	PUXADORES
10.14.0935	PUXADOR SANTA FE GRANADO 320MM GOLD	PUXADORES
10.14.0936	PUXADOR SANTA FE GRANADO 320MM GOLD ESCOVADO	PUXADORES
10.14.0937	PUXADOR SANTA FE GRANADO 320MM RED GOLD	PUXADORES
10.14.0938	PUXADOR SANTA FE GRANADO 320MM RED GOLD ESCOVADO	PUXADORES
10.14.0939	PUXADOR SANTA FE GRANADO 320MM ROSE	PUXADORES
10.14.0940	PUXADOR SANTA FE GRANADO 320MM ROSE ESCOVADO	PUXADORES
10.14.0941	PUXADOR SANTA FE GRANADO 416MM CROMO	PUXADORES
10.14.0942	PUXADOR SANTA FE GRANADO 416MM PRETO	PUXADORES
10.14.0943	PUXADOR SANTA FE GRANADO 416MM BRANCO	PUXADORES
10.14.0944	PUXADOR SANTA FE GRANADO 416MM GRAFITTO	PUXADORES
10.14.0945	PUXADOR SANTA FE GRANADO 416MM TITANIUM	PUXADORES
10.14.0946	PUXADOR SANTA FE GRANADO 416MM NIQUEL VELHO	PUXADORES
10.14.0947	PUXADOR SANTA FE GRANADO 416MM VECCHIO COBRE	PUXADORES
10.14.0948	PUXADOR SANTA FE GRANADO 416MM VECCHIO METALLO	PUXADORES
10.14.0949	PUXADOR SANTA FE GRANADO 416MM NIQUEL ESC C/ VERNIZ	PUXADORES
10.14.0950	PUXADOR SANTA FE GRANADO 416MM DOURADO	PUXADORES
10.14.0951	PUXADOR SANTA FE GRANADO 416MM GOLD	PUXADORES
10.14.0952	PUXADOR SANTA FE GRANADO 416MM GOLD ESCOVADO	PUXADORES
10.14.0953	PUXADOR SANTA FE GRANADO 416MM RED GOLD	PUXADORES
10.14.0954	PUXADOR SANTA FE GRANADO 416MM RED GOLD ESCOVADO	PUXADORES
10.14.0955	PUXADOR SANTA FE GRANADO 416MM ROSE	PUXADORES
10.14.0956	PUXADOR SANTA FE GRANADO 416MM ROSE ESCOVADO	PUXADORES
10.14.0957	PUXADOR SANTA FE GRANADO 640MM CROMO	PUXADORES
10.14.0958	PUXADOR SANTA FE GRANADO 640MM PRETO	PUXADORES
10.14.0959	PUXADOR SANTA FE GRANADO 640MM BRANCO	PUXADORES
10.14.0960	PUXADOR SANTA FE GRANADO 640MM GRAFITTO	PUXADORES
10.14.0961	PUXADOR SANTA FE GRANADO 640MM TITANIUM	PUXADORES
10.14.0962	PUXADOR SANTA FE GRANADO 640MM NIQUEL VELHO	PUXADORES
10.14.0963	PUXADOR SANTA FE GRANADO 640MM VECCHIO COBRE	PUXADORES
10.14.0964	PUXADOR SANTA FE GRANADO 640MM VECCHIO METALLO	PUXADORES
10.14.0965	PUXADOR SANTA FE GRANADO 640MM NIQUEL ESCOVADO C/ VERNIZ	PUXADORES
10.14.0966	PUXADOR SANTA FE GRANADO 640MM DOURADO	PUXADORES
10.14.0967	PUXADOR SANTA FE GRANADO 640MM GOLD	PUXADORES
10.14.0968	PUXADOR SANTA FE GRANADO 640MM GOLD ESCOVADO	PUXADORES
10.14.0969	PUXADOR SANTA FE GRANADO 640MM RED GOLD	PUXADORES
10.14.0970	PUXADOR SANTA FE GRANADO 640MM RED GOLD ESCOVADO	PUXADORES
10.14.0971	PUXADOR SANTA FE GRANADO 640MM ROSE	PUXADORES
10.14.0972	PUXADOR SANTA FE GRANADO 640MM ROSE ESCOVADO	PUXADORES
10.14.0973	PUXADOR SHELL 48MM CROMO	PUXADORES
10.14.0974	PUXADOR SHELL 48MM CROMO ESCOVADO	PUXADORES
10.14.0975	PUXADOR SHELL 48MM NIQUEL ESC C/ VERNIZ BRILHO	PUXADORES
10.14.0976	PUXADOR SHELL 48MM NIQUEL VELHO	PUXADORES
10.14.0977	PUXADOR SHELL 48MM BRANCO	PUXADORES
10.14.0978	PUXADOR SHELL 48MM PRETO	PUXADORES
10.14.0979	PUXADOR SHELL 48MM DOURADO	PUXADORES
10.14.0980	PUXADOR SHELL 48MM DOURADO	PUXADORES
10.14.0981	PUXADOR SHELL 48MM VECCHIO METALLO	PUXADORES
10.14.0982	PUXADOR SHELL 48MM VECCHIO COBRE	PUXADORES
10.14.0983	PUXADOR SHELL 48MM GOLD	PUXADORES
10.14.0984	PUXADOR SHELL 48MM GOLD ESCOVADO	PUXADORES
10.14.0985	PUXADOR SHELL 48MM RED GOLD	PUXADORES
10.14.0986	PUXADOR SHELL 48MM RED GOLD ESCOVADO	PUXADORES
10.14.0987	PUXADOR SHELL 48MM ROSE	PUXADORES
10.14.0988	PUXADOR SHELL 48MM ROSE ESCOVADO	PUXADORES
10.14.0989	PUXADOR SHELL 64MM CROMO	PUXADORES
10.14.0990	PUXADOR SHELL 64MM CROMO ESCOVADO	PUXADORES
10.14.0991	PUXADOR SHELL 64MM NIQUEL ESC C/ VERNIZ BRILHO	PUXADORES
10.14.0992	PUXADOR SHELL 64MM NIQUEL VELHO	PUXADORES
10.14.0993	PUXADOR SHELL 64MM BRANCO	PUXADORES
10.14.0994	PUXADOR SHELL 64MM PRETO	PUXADORES
10.14.0995	PUXADOR SHELL 64MM DOURADO	PUXADORES
10.14.0996	PUXADOR SHELL 64MM VECCHIO BIANCO	PUXADORES
10.14.0997	PUXADOR SHELL 64MM VECCHIO METALLO	PUXADORES
10.14.0998	PUXADOR SHELL 64MM VECCHIO COBRE	PUXADORES
10.14.0999	PUXADOR SHELL 64MM GOLD	PUXADORES
10.14.1000	PUXADOR SHELL 64MM GOLD ESCOVADO	PUXADORES
10.14.1001	PUXADOR SHELL 64MM RED GOLD	PUXADORES
10.14.1002	PUXADOR SHELL 64MM RED GOLD ESCOVADO	PUXADORES
10.14.1003	PUXADOR SHELL 64MM ROSE	PUXADORES
10.14.1004	PUXADOR SHELL 64MM ROSE ESCOVADO	PUXADORES
10.14.1005	PUXADOR SORENTO GRANADO CROMO	PUXADORES
10.14.1006	PUXADOR SORENTO GRANADO PRETO	PUXADORES
10.14.1007	PUXADOR SORENTO GRANADO BRANCO	PUXADORES
10.14.1008	PUXADOR SORENTO GRANADO GRAFITTO	PUXADORES
10.14.1009	PUXADOR SORENTO GRANADO TITANIUM	PUXADORES
10.14.1010	PUXADOR SORENTO GRANADO NIQUEL VELHO	PUXADORES
10.14.1011	PUXADOR SORENTO GRANADO VECCHIO COBRE	PUXADORES
10.14.1012	PUXADOR SORENTO GRANADO VECCHIO METALLO	PUXADORES
10.14.1013	PUXADOR SORENTO GRANADO NIQUEL ESCOVADO C/ VERNIZ	PUXADORES
10.14.1014	PUXADOR SORENTO GRANADO DOURADO	PUXADORES
10.14.1015	PUXADOR SORENTO GRANADO GOLD	PUXADORES
10.14.1016	PUXADOR SORENTO GRANADO GOLD ESCOVADO	PUXADORES
10.14.1017	PUXADOR SORENTO GRANADO RED GOLD	PUXADORES
10.14.1018	PUXADOR SORENTO GRANADO RED GOLD ESCOVADO	PUXADORES
10.14.1019	PUXADOR SORENTO GRANADO ROSE	PUXADORES
10.14.1020	PUXADOR SORENTO GRANADO ROSE ESCOVADO	PUXADORES
10.14.1021	PUXADOR SORENTO GRANADO 96MM CROMO	PUXADORES
10.14.1022	PUXADOR SORENTO GRANADO 96MM PRETO	PUXADORES
10.14.1023	PUXADOR SORENTO GRANADO 96MM BRANCO	PUXADORES
10.14.1024	PUXADOR SORENTO GRANADO 96MM GRAFITTO	PUXADORES
10.14.1025	PUXADOR SORENTO GRANADO 96MM TITANIUM	PUXADORES
10.14.1026	PUXADOR SORENTO GRANADO 96MM NIQUEL VELHO	PUXADORES
10.14.1027	PUXADOR SORENTO GRANADO 96MM VECCHIO COBRE	PUXADORES
10.14.1028	PUXADOR SORENTO GRANADO 96MM VECCHIO METALLO	PUXADORES
10.14.1029	PUXADOR SORENTO GRANADO 96MM NIQUEL ESCOVADO	PUXADORES
10.14.1030	PUXADOR SORENTO GRANADO 96MM DOURADO	PUXADORES
10.14.1031	PUXADOR SORENTO GRANADO 96MM GOLD	PUXADORES
10.14.1032	PUXADOR SORENTO GRANADO 96MM GOLD ESCOVADO	PUXADORES
10.14.1033	PUXADOR SORENTO GRANADO 96MM RED GOLD	PUXADORES
10.14.1035	PUXADOR SORENTO GRANADO 96MM RED GOLD ESCOVADO	PUXADORES
10.14.1036	PUXADOR SORENTO GRANADO 96MM ROSE	PUXADORES
10.14.1037	PUXADOR SORENTO GRANADO 96MM ROSE ESCOVADO	PUXADORES
10.14.1038	PUXADOR SORENTO GRANADO 224MM CROMO	PUXADORES
10.14.1039	PUXADOR SORENTO GRANADO 224MM PRETO	PUXADORES
10.14.1040	PUXADOR SORENTO GRANADO 224MM BRANCO	PUXADORES
10.14.1041	PUXADOR SORENTO GRANADO 224MM GRAFITTO	PUXADORES
10.14.1042	PUXADOR SORENTO GRANADO 224MM TITANIUM	PUXADORES
10.14.1043	PUXADOR SORENTO GRANADO 224MM NIQUEL VELHO	PUXADORES
10.14.1044	PUXADOR SORENTO GRANADO 224MM VECCHIO COBRE	PUXADORES
10.14.1045	PUXADOR SORENTO GRANADO 224MM VECCHIO METALLO	PUXADORES
10.14.1046	PUXADOR SORENTO GRANADO 224MM NIQUEL ESCOVADO	PUXADORES
10.14.1047	PUXADOR SORENTO GRANADO 224MM DOURADO	PUXADORES
10.14.1048	PUXADOR SORENTO GRANADO 224MM GOLD	PUXADORES
10.14.1049	PUXADOR SORENTO GRANADO 224MM GOLD ESCOVADO	PUXADORES
10.14.1050	PUXADOR SORENTO GRANADO 224MM RED GOLD	PUXADORES
10.14.1051	PUXADOR SORENTO GRANADO 224MM RED GOLD ESCOVADO	PUXADORES
10.14.1052	PUXADOR SORENTO GRANADO 224MM ROSE	PUXADORES
10.14.1053	PUXADOR SORENTO GRANADO 224MM ROSE ESCOVADO	PUXADORES
10.14.1054	PUXADOR SORENTO GRANADO 320MM CROMO	PUXADORES
10.14.1055	PUXADOR SORENTO GRANADO 320MM PRETO	PUXADORES
10.14.1056	PUXADOR SORENTO GRANADO 320MM BRANCO	PUXADORES
10.14.1057	PUXADOR SORENTO GRANADO 320MM GRAFITTO	PUXADORES
10.14.1058	PUXADOR SORENTO GRANADO 320MM TITANIUM	PUXADORES
10.14.1059	PUXADOR SORENTO GRANADO 320MM NIQUEL VELHO	PUXADORES
10.14.1060	PUXADOR SORENTO GRANADO 320MM VECCHIO COBRE	PUXADORES
10.14.1061	PUXADOR SORENTO GRANADO 320MM VECCHIO METALLO	PUXADORES
10.14.1062	PUXADOR SORENTO GRANADO 320MM NIQUEL ESC C/ VERNIZ	PUXADORES
10.14.1063	PUXADOR SORENTO GRANADO 320MM DOURADO	PUXADORES
10.14.1064	PUXADOR SORENTO GRANADO 320MM GOLD	PUXADORES
10.14.1065	PUXADOR SORENTO GRANADO 320MM GOLD ESCOVADO	PUXADORES
10.14.1066	PUXADOR SORENTO GRANADO 320MM RED GOLD	PUXADORES
10.14.1067	PUXADOR SORENTO GRANADO 320MM RED GOLD ESCOVADO	PUXADORES
10.14.1068	PUXADOR SORENTO GRANADO 320MM ROSE	PUXADORES
10.14.1069	PUXADOR SORENTO GRANADO 320MM ROSE ESCOVADO	PUXADORES
10.14.1070	PUXADOR SORENTO GRANADO 416MM CROMO	PUXADORES
10.14.1071	PUXADOR SORENTO GRANADO 416MM PRETO	PUXADORES
10.14.1072	PUXADOR SORENTO GRANADO 416MM BRANCO	PUXADORES
10.14.1073	PUXADOR SORENTO GRANADO 416MM GRAFITTO	PUXADORES
10.14.1074	PUXADOR SORENTO GRANADO 416MM TITANIUM	PUXADORES
10.14.1075	PUXADOR SORENTO GRANADO 416MM NIQUEL VELHO	PUXADORES
10.14.1076	PUXADOR SORENTO GRANADO 416MM VECCHIO COBRE	PUXADORES
10.14.1077	PUXADOR SORENTO GRANADO 416MM VECCHIO METALLO	PUXADORES
10.14.1078	PUXADOR SORENTO GRANADO 416MM NIQUEL ESCOVADO C/ VERNIZ	PUXADORES
10.14.1079	PUXADOR SORENTO GRANADO 416MM DOURADO	PUXADORES
10.14.1080	PUXADOR SORENTO GRANADO 416MM GOLD	PUXADORES
10.14.1081	PUXADOR SORENTO GRANADO 416MM GOLD ESCOVADO	PUXADORES
10.14.1082	PUXADOR SORENTO GRANADO 416MM RED GOLD	PUXADORES
10.14.1083	PUXADOR SORENTO GRANADO 416MM RED GOLD ESCOVADO	PUXADORES
10.14.1084	PUXADOR SORENTO GRANADO 416MM ROSE	PUXADORES
10.14.1085	PUXADOR SORENTO GRANADO 416MM ROSE ESCOVADO	PUXADORES
10.14.1086	PUXADOR SORENTO GRANADO 672MM CROMO	PUXADORES
10.14.1087	PUXADOR SORENTO GRANADO 672MM PRETO	PUXADORES
10.14.1088	PUXADOR SORENTO GRANADO 672MM BRANCO	PUXADORES
10.14.1089	PUXADOR SORENTO GRANADO 672MM GRAFITTO	PUXADORES
10.14.1090	PUXADOR SORENTO GRANADO 672MM TITANIUM	PUXADORES
10.14.1091	PUXADOR SORENTO GRANADO 672MM NIQUEL VELHO	PUXADORES
10.14.1092	PUXADOR SORENTO GRANADO 672MM VECCHIO COBRE	PUXADORES
10.14.1093	PUXADOR SORENTO GRANADO 672MM VECCHIO METALLO	PUXADORES
10.14.1094	PUXADOR SORENTO GRANADO 672MM NIQUEL ESCOVADO C/ VERNIZ	PUXADORES
10.14.1095	PUXADOR SORENTO GRANADO 672MM DOURADO	PUXADORES
10.14.1096	PUXADOR SORENTO GRANADO 672MM GOLD	PUXADORES
10.14.1097	PUXADOR SORENTO GRANADO 672MM GOLD ESCOVADO	PUXADORES
10.14.1098	PUXADOR SORENTO GRANADO 672MM RED GOLD	PUXADORES
10.14.1099	PUXADOR SORENTO GRANADO 672MM RED GOLD ESCOVADO	PUXADORES
10.14.1100	PUXADOR SORENTO GRANADO 672MM ROSE	PUXADORES
10.14.1101	PUXADOR SORENTO GRANADO 672MM ROSE ESCOVADO	PUXADORES
10.14.1103	PUXADOR SOTTILE 32MM ALUM CROMO	PUXADORES
10.14.1104	PUXADOR SOTTILE 32MM ALUM ANODPINT FOSCO	PUXADORES
10.14.1105	PUXADOR SOTTILE 32MM ALUM PINT BRANCO	PUXADORES
10.14.1106	PUXADOR SOTTILE 32MM ALUM PINT PRETO	PUXADORES
10.14.1107	PUXADOR SOTTILE 32MM ALUM PINT BRONZE	PUXADORES
10.14.1108	PUXADOR SOTTILE 32MM VECCHIO COBRE	PUXADORES
10.14.1110	PUXADOR SOTTILE 32MM VECCHIO METALLO	PUXADORES
10.14.1111	PUXADOR SOTTILE 32MM DOURADO	PUXADORES
10.14.1112	PUXADOR SOTTILE 32MM GOLD	PUXADORES
10.14.1113	PUXADOR SOTTILE 32MM GOLD ESCOVADO	PUXADORES
10.14.1116	PUXADOR SOTTILE 32MM ROSE	PUXADORES
10.14.1117	PUXADOR SOTTILE 32MM ROSE ESCOVADO	PUXADORES
10.14.1118	PUXADOR SOTTILE 160MM ALUM CROMO	PUXADORES
10.14.1119	PUXADOR SOTTILE 160MM ALUM ANODPINT FOSCO	PUXADORES
10.14.1120	PUXADOR SOTTILE 160MM ALUM PINT BRANCO	PUXADORES
10.14.1121	PUXADOR SOTTILE 160MM ALUM PINT PRETO	PUXADORES
10.14.1122	PUXADOR SOTTILE 160MM ALUM PINT BRONZE	PUXADORES
10.14.1123	PUXADOR SOTTILE 160MM VECCHIO COBRE	PUXADORES
10.14.1125	PUXADOR SOTTILE 160MM VECCHIO METALLO	PUXADORES
10.14.1126	PUXADOR SOTTILE 160MM DOURADO	PUXADORES
10.14.1127	PUXADOR SOTTILE 160MM GOLD	PUXADORES
10.14.1128	PUXADOR SOTTILE 160MM GOLD ESCOVADO	PUXADORES
10.14.1131	PUXADOR SOTTILE 160MM ROSE	PUXADORES
10.14.1132	PUXADOR SOTTILE 160MM ROSE ESCOVADO	PUXADORES
10.14.1133	PUXADOR SOTTILE 320MM ALUM CROMO	PUXADORES
10.14.1134	PUXADOR SOTTILE 320MM ALUM ANODPINT FOSCO	PUXADORES
10.14.1135	PUXADOR SOTTILE 320MM ALUM PINT BRANCO (ZEN)	PUXADORES
10.14.1136	PUXADOR SOTTILE 320MM ALUM PINT PRETO	PUXADORES
10.14.1137	PUXADOR SOTTILE 320MM ALUM PINT BRONZE	PUXADORES
10.14.1138	PUXADOR SOTTILE 320MM VECCHIO COBRE	PUXADORES
10.14.1140	PUXADOR SOTTILE 320MM VECCHIO METALLO	PUXADORES
10.14.1141	PUXADOR SOTTILE 320MM DOURADO	PUXADORES
10.14.1142	PUXADOR SOTTILE 320MM GOLD	PUXADORES
10.14.1143	PUXADOR SOTTILE 320MM GOLD ESCOVADO	PUXADORES
10.14.1146	PUXADOR SOTTILE 320MM ROSE	PUXADORES
10.14.1147	PUXADOR SOTTILE 320MM ROSE ESCOVADO	PUXADORES
10.14.1148	PUXADOR SOTTILE 480MM ALUM CROMO	PUXADORES
10.14.1149	PUXADOR SOTTILE 480MM ALUM ANODPINT FOSCO	PUXADORES
10.14.1150	PUXADOR SOTILE 480MM ALUM PINT BRANCO	PUXADORES
10.14.1151	PUXADOR SOTILE 480MM ALUM PINT PRETO	PUXADORES
10.14.1152	PUXADOR SOTILE 480MM ALUM PINT BRONZE	PUXADORES
10.14.1153	PUXADOR SOTILE 480MM VECCHIO COBRE	PUXADORES
10.14.1155	PUXADOR SOTILE 480MM VECCHIO METALLO	PUXADORES
10.14.1156	PUXADOR SOTILE 480MM DOURADO	PUXADORES
10.14.1157	PUXADOR SOTILE 480MM GOLD	PUXADORES
10.14.1158	PUXADOR SOTILE 480MM GOLD ESCOVADO	PUXADORES
10.14.1161	PUXADOR SOTILE 480MM ROSE	PUXADORES
10.14.1162	PUXADOR SOTILE 480MM ROSE ESCOVADO	PUXADORES
10.14.1163	PUXADOR SOTILE 640MM ALUM CROMO	PUXADORES
10.14.1164	PUXADOR SOTILE 640MM ALUM ANODPINT FOSCO	PUXADORES
10.14.1165	PUXADOR SOTILE 640MM ALUM PINT BRANCO	PUXADORES
10.14.1166	PUXADOR SOTILE 640MM ALUM PINT PRETO	PUXADORES
10.14.1167	PUXADOR SOTILE 640MM ALUM PINT BRONZE	PUXADORES
10.14.1168	PUXADOR SOTILE 640MM VECCHIO COBRE	PUXADORES
10.14.1169	PUXADOR PERFIL SOTTILE PLUS AO METRO DOURADO MATTE	PUXADORES
10.14.1170	PUXADOR SOTILE 640MM VECCHIO METALLO	PUXADORES
10.14.1171	PUXADOR SOTILE 640MM DOURADO	PUXADORES
10.14.1172	PUXADOR SOTILE 640MM GOLD	PUXADORES
10.14.1173	PUXADOR SOTILE 640MM GOLD ESCOVADO	PUXADORES
10.14.1176	PUXADOR SOTILE 640MM ROSE	PUXADORES
10.14.1177	PUXADOR SOTILE 640MM ROSE ESCOVADO	PUXADORES
10.14.1178	PUXADOR PERFIL SOTILE PLUS AO METRO BRANCO	PUXADORES
10.14.11780	PUXADOR PERFIL SOTILE PLUS AO METRO BRANCO (TESTE TESTE)	PUXADORES
10.14.1179	PUXADOR PERFIL SOTTILE PLUS AO METRO PEROLA	PUXADORES
10.14.1180	PUXADOR PERFIL SOTTILE PLUS AO METRO PANNA	PUXADORES
10.14.1181	PUXADOR PERFIL SOTTILE PLUS AO METRO SABIA	PUXADORES
10.14.1182	PUXADOR PERFIL SOTTILE PLUS AO METRO CAPUCINO	PUXADORES
10.14.1183	PUXADOR PERFIL SOTTILE PLUS AO METRO NOCCIOLA	PUXADORES
10.14.1184	PUXADOR PERFIL SOTTILE PLUS AO METRO GRIGIO	PUXADORES
10.14.1185	PUXADOR PERFIL SOTTILE PLUS AO METRO SAFARI	PUXADORES
10.14.1186	PUXADOR PERFIL SOTTILE PLUS AO METRO BROMO	PUXADORES
10.14.1187	PUXADOR PERFIL SOTTILE PLUS AO METRO BEIGE	PUXADORES
10.14.1188	PUXADOR PERFIL SOTTILE PLUS AO METRO MOKA	PUXADORES
10.14.1189	PUXADOR PERFIL SOTTILE PLUS AO METRO PRETO NERO	PUXADORES
10.14.1190	PUXADOR PERFIL SOTTILE PLUS AO METRO VECCHIO METALLO	PUXADORES
10.14.1191	PUXADOR PERFIL SOTTILE PLUS AO METRO PINT COBRE	PUXADORES
10.14.1192	PUXADOR PERFIL SOTTILE PLUS AO METRO TITANIUM	PUXADORES
10.14.1193	PUXADOR PERFIL SOTTILE PLUS AO METRO FOSCO	PUXADORES
10.14.1194	PUXADOR SPACE 128MM ALUMINIO BRANCO/BR (ZEN)	PUXADORES
10.14.1195	PUXADOR SPACE 128MM ALUMINIO BRANCO/CR (ZEN)	PUXADORES
10.14.1196	PUXADOR SPACE 128MM ALUMINIO BRANCO/ESC (ZEN)	PUXADORES
10.14.1197	PUXADOR SPACE 128MM ALUMINIO PRETO/PT (ZEN)	PUXADORES
10.14.1198	PUXADOR SPACE 128MM ALUMINIO PRETO/CR (ZEN)	PUXADORES
10.14.1199	PUXADOR SPACE 128MM ALUMINIO PRETO/ESC (ZEN)	PUXADORES
10.14.1200	PUXADOR SPACE 128MM ALUMINIO CROMO/CR (ZEN)	PUXADORES
10.14.1201	PUXADOR SPACE 128MM ALUMINIO CROMO/ESC (ZEN)	PUXADORES
10.14.1202	PUXADOR SPACE 128MM ALUMINIO TITANIUM/TIT (ZEN)	PUXADORES
10.14.1203	PUXADOR SPACE 128MM ALUMINIO BRONZE/BRONZE (ZEN)	PUXADORES
10.14.1204	PUXADOR SPACE 128MM ALUMINIO FOSCO/FO (ZEN)	PUXADORES
10.14.1205	PUXADOR SPACE 128MM ALUMINIO FOSCO/CR (ZEN)	PUXADORES
10.14.1206	PUXADOR SPACE 128MM ALUMINIO FOSCO/ESC (ZEN)	PUXADORES
10.14.1207	PUXADOR SPACE 128MM ALUMINIO VECCHIO COBRE (ZEN)	PUXADORES
10.14.1208	PUXADOR SPACE 128MM ALUMINIO VECCHIO METALLO (ZEN)	PUXADORES
10.14.1209	PUXADOR SPACE 128MM ALUMINIO DOURADO (ZEN)	PUXADORES
10.14.1210	PUXADOR SPACE 128MM ALUMINIO GOLD (ZEN)	PUXADORES
10.14.1211	PUXADOR SPACE 128MM ALUMINIO GOLD ESCOVADO (ZEN)	PUXADORES
10.14.1212	PUXADOR SPACE 128MM ALUMINIO RED GOLD (ZEN)	PUXADORES
10.14.1213	PUXADOR SPACE 128MM ALUMINIO RED GOLD ESCOVADO (ZEN)	PUXADORES
10.14.1214	PUXADOR SPACE 128MM ALUMINIO ROSE (ZEN)	PUXADORES
10.14.1215	PUXADOR SPACE 128MM ALUMINIO ROSE ESCOVADO (ZEN)	PUXADORES
10.14.1216	PUXADOR SPACE 224MM ALUMINIO BRANCO/BR (ZEN)	PUXADORES
10.14.1217	PUXADOR SPACE 224MM ALUMINIO BRANCO/CR (ZEN)	PUXADORES
10.14.1218	PUXADOR SPACE 224MM ALUMINIO BRANCO/ESC (ZEN)	PUXADORES
10.14.1219	PUXADOR SPACE 224MM ALUMINIO PRETO/PT (ZEN)	PUXADORES
10.14.1220	PUXADOR SPACE 224MM ALUMINIO PRETO/CR (ZEN)	PUXADORES
10.14.1221	PUXADOR SPACE 224MM ALUMINIO PRETO/ESC (ZEN)	PUXADORES
10.14.1222	PUXADOR SPACE 224MM ALUMINIO CROMO/CR (ZEN)	PUXADORES
10.14.1223	PUXADOR SPACE 224MM ALUMINIO CROMO/FCO (ZEN)	PUXADORES
10.14.1224	PUXADOR SPACE 224MM ALUMINIO TITANIUM/TIT (ZEN)	PUXADORES
10.14.1225	PUXADOR SPACE 224MM ALUMINIO BRONZE/BRONZE (ZEN)	PUXADORES
10.14.1226	PUXADOR SPACE 224MM ALUMINIO FOSCO/CR (ZEN)	PUXADORES
10.14.1227	PUXADOR SPACE 224MM ALUMINIO FOSCO/ESC (ZEN)	PUXADORES
10.14.1228	PUXADOR SPACE 224MM ALUMINIO VECCHIO COBRE (ZEN)	PUXADORES
10.14.1229	PUXADOR SPACE 224MM ALUMINIO VECCHIO METALLO (ZEN)	PUXADORES
10.14.1230	PUXADOR SPACE 224MM ALUMINIO DOURADO (ZEN)	PUXADORES
10.14.1231	PUXADOR SPACE 224MM ALUMINIO GOLD (ZEN)	PUXADORES
10.14.1232	PUXADOR SPACE 224MM ALUMINIO GOLD ESCOVADO (ZEN)	PUXADORES
10.14.1233	PUXADOR SPACE 224MM ALUMINIO RED GOLD (ZEN)	PUXADORES
10.14.1234	PUXADOR SPACE 224MM ALUMINIO RED GOLD ESCOVADO (ZEN)	PUXADORES
10.14.1235	PUXADOR SPACE 224MM ALUMINIO ROSE (ZEN)	PUXADORES
10.14.1236	PUXADOR SPACE 224MM ALUMINIO ROSE ESCOVADO (ZEN)	PUXADORES
10.14.1237	PUXADOR SPACE 352MM ALUMINIO BRANCO/BR (ZEN)	PUXADORES
10.14.1238	PUXADOR SPACE 352MM ALUMINIO BRANCO/CR (ZEN)	PUXADORES
10.14.1239	PUXADOR SPACE 352MM ALUMINIO BRANCO/ESC (ZEN)	PUXADORES
10.14.1240	PUXADOR SPACE 352MM ALUMINIO PRETO/PT (ZEN)	PUXADORES
10.14.1241	PUXADOR SPACE 352MM ALUMINIO PRETO/CR (ZEN)	PUXADORES
10.14.1242	PUXADOR SPACE 352MM ALUMINIO PRETO/ESC (ZEN)	PUXADORES
10.14.1243	PUXADOR SPACE 352MM ALUMINIO CROMO/CR (ZEN)	PUXADORES
10.14.1244	PUXADOR SPACE 352MM ALUMINIO CROMO/FCO (ZEN)	PUXADORES
10.14.1245	PUXADOR SPACE 352MM ALUMINIO TITANIUM/TIT (ZEN)	PUXADORES
10.14.1246	PUXADOR SPACE 352MM ALUMINIO BRONZE/BRONZE (ZEN)	PUXADORES
10.14.1247	PUXADOR SPACE 352MM ALUMINIO FOSCO/FO (ZEN)	PUXADORES
10.14.1248	PUXADOR SPACE 352MM ALUMINIO FOSCO/CR (ZEN)	PUXADORES
10.14.1249	PUXADOR SPACE 352MM ALUMINIO FOSCO/ESC (ZEN)	PUXADORES
10.14.1250	PUXADOR SPACE 352MM ALUMINIO VECCHIO COBRE (ZEN)	PUXADORES
10.14.1251	PUXADOR SPACE 352MM ALUMINIO VECCHIO METALLO (ZEN)	PUXADORES
10.14.1252	PUXADOR SPACE 352MM ALUMINIO DOURADO (ZEN)	PUXADORES
10.14.1253	PUXADOR SPACE 352MM ALUMINIO GOLD (ZEN)	PUXADORES
10.14.1254	PUXADOR SPACE 352MM ALUMINIO GOLD ESCOVADO (ZEN)	PUXADORES
10.14.1255	PUXADOR SPACE 352MM ALUMINIO RED GOLD (ZEN)	PUXADORES
10.14.1256	PUXADOR SPACE 352MM ALUMINIO RED GOLD ESCOVADO (ZEN)	PUXADORES
10.14.1257	PUXADOR SPACE 352MM ALUMINIO ROSE (ZEN)	PUXADORES
10.14.1258	PUXADOR SPACE 352MM ALUMINIO ROSE ESCOVADO	PUXADORES
10.14.1259	PUXADOR SPACE 448MM ALUMINIO BRANCO	PUXADORES
10.14.1260	PUX SPACE 448MM ALUMINIO BR C/ PONT CROMADAS	PUXADORES
10.14.1261	PUX SPACE 448MM ALUMINIO BR C/ PONT ESCOVADAS	PUXADORES
10.14.1262	PUX SPACE 448MM ALUMINIO PT C/ PONT PRETAS	PUXADORES
10.14.1263	PUX SPACE 448MM ALUMINIO PT C/ PONT CROMADAS	PUXADORES
10.14.1264	PUX SPACE 448MM ALUMINIO PT C/ PONT ESCOVADAS	PUXADORES
10.14.1265	PUX SPACE 448MM ALUMINIO CRO C/ PONT CROMADAS	PUXADORES
10.14.1266	PUX SPACE 448MM ALUMINIO CRO C/ PONT ESCOVADAS	PUXADORES
10.14.1267	PUX SPACE 448MM ALUMINIO TITANIUM C/ PONT TITANIUM	PUXADORES
10.14.1268	PUX SPACE 448MM ALUMINIO BRONZE C/ PONT BZ	PUXADORES
10.14.1269	PUX SPACE 448MM ALUMINIO FOSCO C/ PONT FSC	PUXADORES
10.14.1270	PUX SPACE 448MM ALUMINIO FOSCO C/ PONT CRO	PUXADORES
10.14.1271	PUX SPACE 448MM ALUMINIO FOSCO C/ PONT ESC	PUXADORES
10.14.1272	PUX SPACE 448MM ALUMINIO VECCHIO COBRE (ZEN)	PUXADORES
10.14.1273	PUX SPACE 448MM ALUMINIO VECCHIO MET C/ PONT VECH MET	PUXADORES
10.14.1274	PUX SPACE 448MM ALUMINIO DOURADO C/ PONTEIRAS DOR	PUXADORES
10.14.1275	PUX SPACE 448MM ALUMINIO GOLD C/ PONTEIRAS GOLD	PUXADORES
10.14.1276	PUX SPACE 448MM ALUMINIO GOLD ESC C/ PONT GOLD ESC	PUXADORES
10.14.1277	PUXADOR SPACE 448MM ALUMINIO RED GOLD (ZEN)	PUXADORES
10.14.1278	PUXADOR SPACE 448MM ALUMINIO RED GOLD ESCOVADO (ZEN)[	PUXADORES
10.14.1279	PUX SPACE 448MM ALUMINIO ROSE C/ PONTEIRAS ROSE	PUXADORES
10.14.1280	PUX SPACE 448MM ALUMINIO ROSE ESC C/ PONT ROSE ESC	PUXADORES
10.14.1281	PUX SPACE 544MM ALUMINIO BR C/ PONT BR	PUXADORES
10.14.1282	PUX SPACE 544MM ALUMINIO BR C/ PONT CRO	PUXADORES
10.14.1283	PUX SPACE 544MM ALUMINIO BR C/ PONT ESC	PUXADORES
10.14.1284	PUX SPACE 544MM ALUMINIO PT C/ PONT CRO	PUXADORES
10.14.1286	PUX SPACE 544MM ALUMINIO PT C/ PONT ESC	PUXADORES
10.14.1287	PUX SPACE 544MM ALUMINIO CROMO C/ PONT CRO	PUXADORES
10.14.1288	PUX SPACE 544MM ALUMINIO CROMO C/ PONT ESC	PUXADORES
10.14.1289	PUX SPACE 544MM ALUMINIO TITANIUM C/ PONT TITANIUM	PUXADORES
10.14.1290	PUX SPACE 544MM ALUMINIO BZ C/ PONT BZ	PUXADORES
10.14.1291	PUX SPACE 544MM ALUMINIO FSC C/ PONT FSC	PUXADORES
10.14.1292	PUX SPACE 544MM ALUMINIO FSC C/ PONT CROM	PUXADORES
10.14.1293	PUX SPACE 544MM ALUMINIO FSC C/ PONT ESC	PUXADORES
10.14.1294	PUX SPACE 544MM ALUMINIO VECH CB C/ PONT VECH CB	PUXADORES
10.14.1295	PUX SPACE 544MM ALUMINIO VECH MET C/ PONT VECH MET	PUXADORES
10.14.1296	PUX SPACE 544MM ALUMINIO DOURADO C/ PONT DOR	PUXADORES
10.14.1297	PUX SPACE 544MM ALUMINIO GOLD C/ PONT GOLD	PUXADORES
10.14.1298	PUX SPACE 544MM ALUMINIO GOLD ESC C/ PONT GOLD ESC	PUXADORES
10.14.1299	PUXADOR SPACE 544MM ALUMINIO RED GOLD (ZEN)	PUXADORES
10.14.1300	PUXADOR SPACE 544MM ALUMINIO RED GOLD ESCOVADO (ZEN)	PUXADORES
10.14.1301	PUX SPACE 544MM ALUMINIO ROSE C/ PONT ROSE	PUXADORES
10.14.1302	PUX SPACE 544MM ALUMINIO ROSE ESC C/ PONT ROSE ESC	PUXADORES
10.14.1303	PUXADOR TECNO PONTO PRETO/CROMO	PUXADORES
10.14.1304	PUXADOR TECNO PONTO PRETO/ESCOVADO	PUXADORES
10.14.1305	PUXADOR TECNO PONTO BRANCO/CROMO	PUXADORES
10.14.1306	PUXADOR TECNO PONTO BRANCO/ESCOVADO	PUXADORES
10.14.1307	PUXADOR TECNO PONTO INOX POLIDO/CROMO	PUXADORES
10.14.1308	PUXADOR TECNO PONTO INOX POLIDO/ESCOVADO	PUXADORES
10.14.1309	PUXADOR TECNO PONTO INOX ESCOVADO/CROMO	PUXADORES
10.14.1310	PUXADOR TECNO PONTO INOX ESCOVADO/ESCOVADO	PUXADORES
10.14.1311	PUXADOR TECNO PONTO ALUMINIO POLIDO/CROMO	PUXADORES
10.14.1312	PUXADOR TECNO PONTO ALUMINIO POLIDO/ESCOVADO	PUXADORES
10.14.1313	PUXADOR TECNO PONTO ALUMINIO CROMO/CROMO	PUXADORES
10.14.1314	PUXADOR TECNO PONTO ALUMINIO CROMADO/ESCOVADO	PUXADORES
10.14.1315	PUXADOR TECNO PONTO ALUMINIO FOSCO/CROMO	PUXADORES
10.14.1316	PUXADOR TECNO PONTO ALUMINIO FOSCO/ESCOVADO	PUXADORES
10.14.1317	PUXADOR TECNO PONTO ALUMINIO FOSCO/FOSCO	PUXADORES
10.14.1318	PUXADOR TECNO PONTO VECCHIO COBRE	PUXADORES
10.14.1319	PUXADOR TECNO PONTO VECCHIO METALLO	PUXADORES
10.14.1320	PUXADOR TECNO PONTO DOURADO	PUXADORES
10.14.1321	PUXADOR TECNO PONTO GOLD	PUXADORES
10.14.1322	PUXADOR TECNO PONTO GOLD ESCOVADO	PUXADORES
10.14.1325	PUXADOR TECNO PONTO ROSE	PUXADORES
10.14.1326	PUXADOR TECNO PONTO ROSE ESCOVADO	PUXADORES
10.14.1327	PUXADOR TECNO 128MM PRETO/CROMO	PUXADORES
10.14.1328	PUXADOR TECNO 128MM PRETO/ESCOVADO	PUXADORES
10.14.1329	PUXADOR TECNO 128MM BRANCO/CROMO	PUXADORES
10.14.1330	PUXADOR TECNO 128MM BRANCO/ESCOVADO	PUXADORES
10.14.1331	PUXADOR TECNO 128MM INOX POLIDO/CROMO	PUXADORES
10.14.1332	PUXADOR TECNO 128MM INOX POLIDO/ESCOVADO	PUXADORES
10.14.1333	PUXADOR TECNO 128MM INOX ESCOVADO/CROMO	PUXADORES
10.14.1334	PUXADOR TECNO 128MM INOX ESCOVADO/ESCOVADO	PUXADORES
10.14.1335	PUXADOR TECNO 128 MM ALUMINIO POLIDO/CROMO	PUXADORES
10.14.1336	PUXADOR TECNO 128 MM ALUMINIO POLIDO/ESCOVADO	PUXADORES
10.14.1337	PUXADOR TECNO 128 MM ALUMINIO CROMADO/CROMO	PUXADORES
10.14.1338	PUXADOR TECNO 128 MM ALUMINIO CROMADO/ESCOVADO	PUXADORES
10.14.1339	PUXADOR TECNO 128 MMV ALUMINIO FOSCO/CROMO	PUXADORES
10.14.1340	PUXADOR TECNO 128 MM ALUMINIO FOSCO/ESCOVADO	PUXADORES
10.14.1341	PUXADOR TECNO 128 MM ALUMINIO FOSCO/FOSCO	PUXADORES
10.14.1342	PUXADOR TECNO 128 MM VECCHIO COBRE	PUXADORES
10.14.1343	PUXADOR TECNO 128 MM VECCHIO METALLO	PUXADORES
10.14.1344	PUXADOR TECNO 128 MM DOURADO	PUXADORES
10.14.1345	PUXADOR TECNO 128 MM GOLD	PUXADORES
10.14.1346	PUXADOR TECNO 128 MM GOLD ESCOVADO	PUXADORES
10.14.1347	PUXADOR TECNO 128 MM ROSE	PUXADORES
10.14.1348	PUXADOR TECNO 128 MM ROSE ESCOVADO	PUXADORES
10.14.1350	PUXADOR TECNO 224MM PRETO/CROMO	PUXADORES
10.14.1351	PUXADOR TECNO 224MM PRETO/ESCOVADO	PUXADORES
10.14.1352	PUXADOR TECNO 224MM BRANCO/CROMO	PUXADORES
10.14.1353	PUXADOR TECNO 224MM BRANCO/ESCOVADO	PUXADORES
10.14.1354	PUXADOR TECNO 224MM INOX POLIDO/CROMO	PUXADORES
10.14.1355	PUXADOR TECNO 224MM INOX POLIDO/ESCOVADO	PUXADORES
10.14.1356	PUXADOR TECNO 224MM INOX ESCOVADO/CROMO	PUXADORES
10.14.1357	PUXADOR TECNO 224MM INOX ESCOVADO/ESCOVADO	PUXADORES
10.14.1358	PUXADOR TECNO 224 MM ALUMINIO POLIDO/CROMO	PUXADORES
10.14.1359	PUXADOR TECNO 224 MM ALUMINIO POLIDO/ESCOVADO	PUXADORES
10.14.1360	PUXADOR TECNO 224 MM ALUMINIO CROMADO/CROMO	PUXADORES
10.14.1361	PUXADOR TECNO 224 MM ALUMINIO CROMADO/CROMO ESCOVADO	PUXADORES
10.14.1362	PUXADOR TECNO 224 MM ALUMINIO FOSCO/CROMO	PUXADORES
10.14.1363	PUXADOR TECNO 224 MM ALUMINIO FOSCO/ESCOVADO	PUXADORES
10.14.1364	PUXADOR TECNO 224 MM ALUMINIO FOSCO/FOSCO	PUXADORES
10.14.1365	PUXADOR TECNO 224 MM VECCHIO COBRE	PUXADORES
10.14.1366	PUXADOR TECNO 224 MM VECCHIO METALLO	PUXADORES
10.14.1367	PUXADOR TECNO 224 MM DOURADO	PUXADORES
10.14.1368	PUXADOR TECNO 224 MM GOLD	PUXADORES
10.14.1369	PUXADOR TECNO 224 MM GOLD ESCOVADO	PUXADORES
10.14.1372	PUXADOR TECNO 224 MM ROSE	PUXADORES
10.14.1373	PUXADOR TECNO 224 MM ROSE ESCOVADO	PUXADORES
10.14.1374	PUXADOR TECNO 352MM PRETO/CROMO	PUXADORES
10.14.1375	PUXADOR TECNO 352MM PRETO/ESCOVADO	PUXADORES
10.14.1376	PUXADOR TECNO 352MM BRANCO/CROMO	PUXADORES
10.14.1377	PUXADOR TECNO 352MM  BRANCO/ESCOVADO	PUXADORES
10.14.1378	PUXADOR TECNO 352MM INOX POLIDO/CROMO	PUXADORES
10.14.1379	PUXADOR TECNO 352MM INOX POLIDO/ESCOVADO	PUXADORES
10.14.1380	PUXADOR TECNO 352MM INOX ESCOVADO/CROMO	PUXADORES
10.14.1381	PUXADOR TECNO 352MM INOX ESCOVADO/ESCOVADO	PUXADORES
10.14.1382	PUXADOR TECNO 352 MM ALUMINIO POLIDO/CROMO	PUXADORES
10.14.1383	PUXADOR TECNO 352 MM ALUMINIO POLIDO/ESCOVADO	PUXADORES
10.14.1384	PUXADOR TECNO 352 MM ALUMINIO CROMADO/CROMO	PUXADORES
10.14.1385	PUXADOR TECNO 352 MM ALUMINIO CROMADO/ESCOVADO	PUXADORES
10.14.1386	PUXADOR TECNO 352 MM ALUMINIO FOSCO/CROMO	PUXADORES
10.14.1387	PUXADOR TECNO 352 MM ALUMINIO FOSCO/ESCOVADO	PUXADORES
10.14.1388	PUXADOR TECNO 352 MM ALUMINIO FOSCO/FOSCO	PUXADORES
10.14.1389	PUXADOR TECNO 352 MM VECCHIO COBRE	PUXADORES
10.14.1390	PUXADOR TECNO 352 MM VECCHIO METALLO	PUXADORES
10.14.1391	PUXADOR TECNO 352 MM DOURADO	PUXADORES
10.14.1392	PUXADOR TECNO 352 MM GOLD	PUXADORES
10.14.1393	PUXADOR TECNO 352 MM GOLD ESCOVADO	PUXADORES
10.14.1396	PUXADOR TECNO 352 MM ROSE	PUXADORES
10.14.1397	PUXADOR TECNO 352 MM ROSE ESCOVADO	PUXADORES
10.14.1400	PUXADOR PLYMOUTH 80MM ROSE ESCOVADO	PUXADORES
10.14.1403	PUXADOR TECNO 448MM PRETO/CROMO	PUXADORES
10.14.1404	PUXADOR TECNO 448MM PRETO/ESCOVADO	PUXADORES
10.14.1405	PUXADOR TECNO 448MM BRANCO/CROMO	PUXADORES
10.14.1406	PUXADOR TECNO 448MM  BRANCO/ESCOVADO	PUXADORES
10.14.1407	PUXADOR TECNO 448MM INOX POLIDO/CROMO	PUXADORES
10.14.1408	PUXADOR TECNO 448MM INOX POLIDO/ESCOVADO	PUXADORES
10.14.1409	PUXADOR TECNO 448MM INOX ESCOVADO/CROMO	PUXADORES
10.14.1410	PUXADOR TECNO 448MM INOX ESCOVADO/ESCOVADO	PUXADORES
10.14.1411	PUXADOR TECNO 448 MM ALUMINIO POLIDO/CROMO	PUXADORES
10.14.1412	PUXADOR TECNO 448 MM ALUMINIO POLIDO/ESCOVADO	PUXADORES
10.14.1413	PUXADOR TECNO 448 MM ALUMINIO CROMADO/CROMO	PUXADORES
10.14.1414	PUXADOR TECNO 448 MM ALUMINIO CROMADO/ESCOVADO	PUXADORES
10.14.1415	PUXADOR TECNO 448 MM ALUMINIO FOSCO/CROMO	PUXADORES
10.14.1416	PUXADOR TECNO 448 MM ALUMINIO FOSCO/ESCOVADO	PUXADORES
10.14.1417	PUXADOR TECNO 448 MM ALUMINIO FOSCO/FOSCO	PUXADORES
10.14.1418	PUXADOR TECNO 448 MM VECCHIO COBRE	PUXADORES
10.14.1419	PUXADOR TECNO 448 MM VECCHIO METALLO	PUXADORES
10.14.1420	PUXADOR TECNO 448 MM DOURADO	PUXADORES
10.14.1421	PUXADOR TECNO 448 MM GOLD	PUXADORES
10.14.1422	PUXADOR TECNO 448 MM GOLD ESCOVADO	PUXADORES
10.14.1425	PUXADOR TECNO 448 MM ROSE	PUXADORES
10.14.1426	PUXADOR TECNO 448 MM ROSE ESCOVADO	PUXADORES
10.14.1427	PUXADOR TECNO 544MM PRETO/CROMO	PUXADORES
10.14.1428	PUXADOR TECNO 544MM PRETO/ESCOVADO	PUXADORES
10.14.1429	PUXADOR TECNO 544MM BRANCO/CROMO	PUXADORES
10.14.1430	PUXADOR TECNO 544MM  BRANCO/ESCOVADO	PUXADORES
10.14.1431	PUXADOR TECNO 544MM INOX POLIDO/CROMO	PUXADORES
10.14.1432	PUXADOR TECNO 544MM INOX POLIDO/ESCOVADO	PUXADORES
10.14.1433	PUXADOR TECNO 544MM INOX ESCOVADO/ESCOVADO	PUXADORES
10.14.1434	PUXADOR TECNO 544MM INOX ESCOVADO/CROMO	PUXADORES
10.14.1597	PUXADOR H3201 192MM CROMADO COM STRASS	PUXADORES
10.14.1598	PUXADOR H1345 OURO GOLD	PUXADORES
10.14.1599	PUXADOR H1125 32MM ACO ESCOVADO	PUXADORES
10.14.1600	PUXADOR H1125 32MM ROSE	PUXADORES
10.14.1601	PUXADOR H1125 32MM OURO GOLD	PUXADORES
10.14.1602	PUXADOR H1605 64MM ACO ESCOVADO	PUXADORES
10.14.1603	PUXADOR H1605 64MM LATAO POLIDO	PUXADORES
10.14.1604	PUXADOR H1605 64MM ROSE	PUXADORES
10.14.1605	PUXADOR H1605 64MM OURO GOLD	PUXADORES
10.14.1606	PUXADOR H1605 64MM RED RUSTIC	PUXADORES
10.14.1607	PUXADOR H1024 PONTO STRASS ACO ESCOVADO	PUXADORES
10.14.1608	PUXADOR H1024 PONTO STRASS LATAO POLIDO	PUXADORES
10.14.1609	PUXADOR H1024 PONTO STRASS ROSE	PUXADORES
10.14.1610	PUXADOR H1024 PONTO STRASS OURO GOLD	PUXADORES
10.14.1611	PUXADOR H1085 PONTO ACO ESCOVADO	PUXADORES
10.14.1612	PUXADOR H1085 PONTO LATAO POLIDO	PUXADORES
10.14.1613	PUXADOR H1085 PONTO ROSE	PUXADORES
10.14.1614	PUXADOR H1085 PONTO OURO GOLD	PUXADORES
10.14.1615	PUXADOR H1600 RED RUSTIC	PUXADORES
10.14.1616	PUXADOR H1345 LATAO POLIDO	PUXADORES
10.14.1617	PUXADOR H1125 32MM LATAO POLIDO	PUXADORES
10.14.1618	PUXADOR H1345 ACO ESCOVADO	PUXADORES
10.14.1619	PUXADOR H1345 ROSE	PUXADORES
10.14.1620	PUXADOR EVOLUTO 100MM PRATA	PUXADORES
10.14.1621	PUXADOR EVOLUTO 100MM BRANCO	PUXADORES
10.14.1622	PUXADOR EVOLUTO 100MM NEW BLACK	PUXADORES
10.14.1623	PUXADOR EVOLUTO 100MM COBRE	PUXADORES
10.14.1624	PUXADOR EVOLUTO 320MM PRATA	PUXADORES
10.14.1625	PUXADOR EVOLUTO 320MM GRAFITTE	PUXADORES
10.14.1626	PUXADOR EVOLUTO 320MM BRANCO	PUXADORES
10.14.1627	PUXADOR EVOLUTO 320MM NEW BLACK	PUXADORES
10.14.1628	PUXADOR EVOLUTO 320MM COBRE	PUXADORES
10.14.1629	PUXADOR EVOLUTO 420MM NEW BLACK	PUXADORES
10.14.1630	PUXADOR EVOLUTO 420MM GRAFITTE	PUXADORES
10.14.1631	PUXADOR EVOLUTO 420MM PRATA	PUXADORES
10.14.1632	PUXADOR EVOLUTO 420MM BRANCO	PUXADORES
10.14.1633	PUXADOR EVOLUTO 100MM GRAFITTE	PUXADORES
10.14.1634	PUXADOR EVOLUTO 420MM COBRE	PUXADORES
10.14.1635	PUXADOR PERFIL SOTTILE PLUS AO METRO BRONZE	PUXADORES
10.14.1636	H.3200BL/480 PUXADOR BLINDEX P/ PORTA ACO ESCOVADO	PUXADORES
10.14.1637	H.3200BL/480 PUXADOR BLINDEX P/ PORTA PRETO FOSCO	PUXADORES
10.14.1638	H.6336BL/500 PUXADOR BLINDEX C/ STRASS ACO ESCOVADO	PUXADORES
10.14.1639	H.6336BL/500 PUXADOR BLINDEX C/ STRASS PRETO FOSCO	PUXADORES
10.14.1640	PUXADOR KEN GRANADO PONTO CR	PUXADORES
10.14.1641	PUXADOR KEN 128MM PRETO	PUXADORES
10.14.1642	PUXADOR KEN 128MM NIQUEL ESCOVADO	PUXADORES
10.14.1643	PUXADOR EVOLUTO ALFA 100/64 DOURADO	PUXADORES
10.14.1644	PUXADOR EVOLUTO VINDICI 320/256 DOURADO	PUXADORES
10.14.1645	PUXADOR EVOLUTO VINDICI 420/352 DOURADO	PUXADORES
10.14.1646	PUXADOR METALSINOS PONTO RED RUSTIC FOSCO	PUXADORES
10.14.1647	PUXADOR EVOLUTO 100MM DOURADO	PUXADORES
10.14.1648	PUXADOR EVOLUTO 320MM DOURADO	PUXADORES
10.14.1649	PUXADOR EVOLUTO 420MM DOURADO	PUXADORES
10.14.1650	PUXADOR CUP BRONZE	PUXADORES
